This is pdfTeX, Version 3.141592653-2.6-1.40.25 (MiKTeX 24.1) (preloaded format=pdflatex 2024.2.12)  12 AUG 2026 15:04
entering extended mode
 restricted \write18 enabled.
 %&-line parsing enabled.
**./p131_notes.tex
(p131_notes.tex
LaTeX2e <2023-11-01> patch level 1
L3 programming layer <2024-01-22>
(C:\Users\verci\AppData\Local\Programs\MiKTeX\tex/latex/base\article.cls
Document Class: article 2023/05/17 v1.4n Standard LaTeX document class
(C:\Users\verci\AppData\Local\Programs\MiKTeX\tex/latex/base\size12.clo
File: size12.clo 2023/05/17 v1.4n Standard LaTeX file (size option)
)
\c@part=\count187
\c@section=\count188
\c@subsection=\count189
\c@subsubsection=\count190
\c@paragraph=\count191
\c@subparagraph=\count192
\c@figure=\count193
\c@table=\count194
\abovecaptionskip=\skip48
\belowcaptionskip=\skip49
\bibindent=\dimen140
) (preset.tex (C:\Users\verci\AppData\Local\Programs\MiKTeX\tex/latex/base\inpu
tenc.sty
Package: inputenc 2021/02/14 v1.3d Input encoding file
\inpenc@prehook=\toks17
\inpenc@posthook=\toks18
) (C:\Users\verci\AppData\Local\Programs\MiKTeX\tex/generic/babel\babel.sty
Package: babel 2024/02/07 v24.2 The Babel package
\babel@savecnt=\count195
\U@D=\dimen141
\l@unhyphenated=\language79
(C:\Users\verci\AppData\Local\Programs\MiKTeX\tex/generic/babel\txtbabel.def)
\bbl@readstream=\read2
\bbl@dirlevel=\count196
*************************************
* Local config file bblopts.cfg used
*
(C:\Users\verci\AppData\Local\Programs\MiKTeX\tex/latex/arabi\bblopts.cfg
File: bblopts.cfg 2005/09/08 v0.1 add Arabic and Farsi to "declared" options of
 babel
)
(C:\Users\verci\AppData\Local\Programs\MiKTeX\tex/latex/babel-english\english.l
df
Language: english 2017/06/06 v3.3r English support from the babel system
Package babel Info: Hyphen rules for 'canadian' set to \l@english
(babel)             (\language0). Reported on input line 102.
Package babel Info: Hyphen rules for 'australian' set to \l@ukenglish
(babel)             (\language73). Reported on input line 105.
Package babel Info: Hyphen rules for 'newzealand' set to \l@ukenglish
(babel)             (\language73). Reported on input line 108.
))
(C:\Users\verci\AppData\Local\Programs\MiKTeX\tex/generic/babel/locale/en\babel
-english.tex
Package babel Info: Importing font and identification data for english
(babel)             from babel-en.ini. Reported on input line 11.
) (C:\Users\verci\AppData\Local\Programs\MiKTeX\tex/latex/xstring\xstring.sty (
C:\Users\verci\AppData\Local\Programs\MiKTeX\tex/generic/xstring\xstring.tex
\xs_counta=\count197
\xs_countb=\count198
)
Package: xstring 2023/08/22 v1.86 String manipulations (CT)
) (C:\Users\verci\AppData\Local\Programs\MiKTeX\tex/latex/amsmath\amsmath.sty
Package: amsmath 2023/05/13 v2.17o AMS math features
\@mathmargin=\skip50
For additional information on amsmath, use the `?' option.
(C:\Users\verci\AppData\Local\Programs\MiKTeX\tex/latex/amsmath\amstext.sty
Package: amstext 2021/08/26 v2.01 AMS text
(C:\Users\verci\AppData\Local\Programs\MiKTeX\tex/latex/amsmath\amsgen.sty
File: amsgen.sty 1999/11/30 v2.0 generic functions
\@emptytoks=\toks19
\ex@=\dimen142
)) (C:\Users\verci\AppData\Local\Programs\MiKTeX\tex/latex/amsmath\amsbsy.sty
Package: amsbsy 1999/11/29 v1.2d Bold Symbols
\pmbraise@=\dimen143
) (C:\Users\verci\AppData\Local\Programs\MiKTeX\tex/latex/amsmath\amsopn.sty
Package: amsopn 2022/04/08 v2.04 operator names
)
\inf@bad=\count199
LaTeX Info: Redefining \frac on input line 234.
\uproot@=\count266
\leftroot@=\count267
LaTeX Info: Redefining \overline on input line 399.
LaTeX Info: Redefining \colon on input line 410.
\classnum@=\count268
\DOTSCASE@=\count269
LaTeX Info: Redefining \ldots on input line 496.
LaTeX Info: Redefining \dots on input line 499.
LaTeX Info: Redefining \cdots on input line 620.
\Mathstrutbox@=\box51
\strutbox@=\box52
LaTeX Info: Redefining \big on input line 722.
LaTeX Info: Redefining \Big on input line 723.
LaTeX Info: Redefining \bigg on input line 724.
LaTeX Info: Redefining \Bigg on input line 725.
\big@size=\dimen144
LaTeX Font Info:    Redeclaring font encoding OML on input line 743.
LaTeX Font Info:    Redeclaring font encoding OMS on input line 744.
\macc@depth=\count270
LaTeX Info: Redefining \bmod on input line 905.
LaTeX Info: Redefining \pmod on input line 910.
LaTeX Info: Redefining \smash on input line 940.
LaTeX Info: Redefining \relbar on input line 970.
LaTeX Info: Redefining \Relbar on input line 971.
\c@MaxMatrixCols=\count271
\dotsspace@=\muskip16
\c@parentequation=\count272
\dspbrk@lvl=\count273
\tag@help=\toks20
\row@=\count274
\column@=\count275
\maxfields@=\count276
\andhelp@=\toks21
\eqnshift@=\dimen145
\alignsep@=\dimen146
\tagshift@=\dimen147
\tagwidth@=\dimen148
\totwidth@=\dimen149
\lineht@=\dimen150
\@envbody=\toks22
\multlinegap=\skip51
\multlinetaggap=\skip52
\mathdisplay@stack=\toks23
LaTeX Info: Redefining \[ on input line 2953.
LaTeX Info: Redefining \] on input line 2954.
) (C:\Users\verci\AppData\Local\Programs\MiKTeX\tex/latex/amsfonts\amssymb.sty
Package: amssymb 2013/01/14 v3.01 AMS font symbols
(C:\Users\verci\AppData\Local\Programs\MiKTeX\tex/latex/amsfonts\amsfonts.sty
Package: amsfonts 2013/01/14 v3.01 Basic AMSFonts support
\symAMSa=\mathgroup4
\symAMSb=\mathgroup5
LaTeX Font Info:    Redeclaring math symbol \hbar on input line 98.
LaTeX Font Info:    Overwriting math alphabet `\mathfrak' in version `bold'
(Font)                  U/euf/m/n --> U/euf/b/n on input line 106.
)) (C:\Users\verci\AppData\Local\Programs\MiKTeX\tex/latex/amscls\amsthm.sty
Package: amsthm 2020/05/29 v2.20.6
\thm@style=\toks24
\thm@bodyfont=\toks25
\thm@headfont=\toks26
\thm@notefont=\toks27
\thm@headpunct=\toks28
\thm@preskip=\skip53
\thm@postskip=\skip54
\thm@headsep=\skip55
\dth@everypar=\toks29
)
(C:\Users\verci\AppData\Local\Programs\MiKTeX\tex/latex/mathtools\mathtools.sty
Package: mathtools 2024/10/04 v1.31 mathematical typesetting tools
(C:\Users\verci\AppData\Local\Programs\MiKTeX\tex/latex/graphics\keyval.sty
Package: keyval 2022/05/29 v1.15 key=value parser (DPC)
\KV@toks@=\toks30
) (C:\Users\verci\AppData\Local\Programs\MiKTeX\tex/latex/tools\calc.sty
Package: calc 2023/07/08 v4.3 Infix arithmetic (KKT,FJ)
\calc@Acount=\count277
\calc@Bcount=\count278
\calc@Adimen=\dimen151
\calc@Bdimen=\dimen152
\calc@Askip=\skip56
\calc@Bskip=\skip57
LaTeX Info: Redefining \setlength on input line 80.
LaTeX Info: Redefining \addtolength on input line 81.
\calc@Ccount=\count279
\calc@Cskip=\skip58
) (C:\Users\verci\AppData\Local\Programs\MiKTeX\tex/latex/mathtools\mhsetup.sty
Package: mhsetup 2021/03/18 v1.4 programming setup (MH)
)
\g_MT_multlinerow_int=\count280
\l_MT_multwidth_dim=\dimen153
\origjot=\skip59
\l_MT_shortvdotswithinadjustabove_dim=\dimen154
\l_MT_shortvdotswithinadjustbelow_dim=\dimen155
\l_MT_above_intertext_sep=\dimen156
\l_MT_below_intertext_sep=\dimen157
\l_MT_above_shortintertext_sep=\dimen158
\l_MT_below_shortintertext_sep=\dimen159
\xmathstrut@box=\box53
\xmathstrut@dim=\dimen160
) (C:\Users\verci\AppData\Local\Programs\MiKTeX\tex/latex/esint\esint.sty
Package: esint 
\symlargesymbolsA=\mathgroup6
) (C:\Users\verci\AppData\Local\Programs\MiKTeX\tex/latex/cancel\cancel.sty
Package: cancel 2013/04/12 v2.2 Cancel math terms
)
(C:\Users\verci\AppData\Local\Programs\MiKTeX\tex/latex/tcolorbox\tcolorbox.sty
Package: tcolorbox 2024/01/10 version 6.2.0 text color boxes
(C:\Users\verci\AppData\Local\Programs\MiKTeX\tex/latex/pgf/basiclayer\pgf.sty
(C:\Users\verci\AppData\Local\Programs\MiKTeX\tex/latex/pgf/utilities\pgfrcs.st
y
(C:\Users\verci\AppData\Local\Programs\MiKTeX\tex/generic/pgf/utilities\pgfutil
-common.tex
\pgfutil@everybye=\toks31
\pgfutil@tempdima=\dimen161
\pgfutil@tempdimb=\dimen162
)
(C:\Users\verci\AppData\Local\Programs\MiKTeX\tex/generic/pgf/utilities\pgfutil
-latex.def
\pgfutil@abb=\box54
)
(C:\Users\verci\AppData\Local\Programs\MiKTeX\tex/generic/pgf/utilities\pgfrcs.
code.tex (C:\Users\verci\AppData\Local\Programs\MiKTeX\tex/generic/pgf\pgf.revi
sion.tex)
Package: pgfrcs 2023-01-15 v3.1.10 (3.1.10)
))
Package: pgf 2023-01-15 v3.1.10 (3.1.10)

(C:\Users\verci\AppData\Local\Programs\MiKTeX\tex/latex/pgf/basiclayer\pgfcore.
sty (C:\Users\verci\AppData\Local\Programs\MiKTeX\tex/latex/graphics\graphicx.s
ty
Package: graphicx 2021/09/16 v1.2d Enhanced LaTeX Graphics (DPC,SPQR)
(C:\Users\verci\AppData\Local\Programs\MiKTeX\tex/latex/graphics\graphics.sty
Package: graphics 2022/03/10 v1.4e Standard LaTeX Graphics (DPC,SPQR)
(C:\Users\verci\AppData\Local\Programs\MiKTeX\tex/latex/graphics\trig.sty
Package: trig 2021/08/11 v1.11 sin cos tan (DPC)
)
(C:\Users\verci\AppData\Local\Programs\MiKTeX\tex/latex/graphics-cfg\graphics.c
fg
File: graphics.cfg 2016/06/04 v1.11 sample graphics configuration
)
Package graphics Info: Driver file: pdftex.def on input line 107.

(C:\Users\verci\AppData\Local\Programs\MiKTeX\tex/latex/graphics-def\pdftex.def
File: pdftex.def 2022/09/22 v1.2b Graphics/color driver for pdftex
))
\Gin@req@height=\dimen163
\Gin@req@width=\dimen164
)
(C:\Users\verci\AppData\Local\Programs\MiKTeX\tex/latex/pgf/systemlayer\pgfsys.
sty
(C:\Users\verci\AppData\Local\Programs\MiKTeX\tex/generic/pgf/systemlayer\pgfsy
s.code.tex
Package: pgfsys 2023-01-15 v3.1.10 (3.1.10)

(C:\Users\verci\AppData\Local\Programs\MiKTeX\tex/generic/pgf/utilities\pgfkeys
.code.tex
\pgfkeys@pathtoks=\toks32
\pgfkeys@temptoks=\toks33

(C:\Users\verci\AppData\Local\Programs\MiKTeX\tex/generic/pgf/utilities\pgfkeys
libraryfiltered.code.tex
\pgfkeys@tmptoks=\toks34
))
\pgf@x=\dimen165
\pgf@y=\dimen166
\pgf@xa=\dimen167
\pgf@ya=\dimen168
\pgf@xb=\dimen169
\pgf@yb=\dimen170
\pgf@xc=\dimen171
\pgf@yc=\dimen172
\pgf@xd=\dimen173
\pgf@yd=\dimen174
\w@pgf@writea=\write3
\r@pgf@reada=\read3
\c@pgf@counta=\count281
\c@pgf@countb=\count282
\c@pgf@countc=\count283
\c@pgf@countd=\count284
\t@pgf@toka=\toks35
\t@pgf@tokb=\toks36
\t@pgf@tokc=\toks37
\pgf@sys@id@count=\count285

(C:\Users\verci\AppData\Local\Programs\MiKTeX\tex/generic/pgf/systemlayer\pgf.c
fg
File: pgf.cfg 2023-01-15 v3.1.10 (3.1.10)
)
Driver file for pgf: pgfsys-pdftex.def

(C:\Users\verci\AppData\Local\Programs\MiKTeX\tex/generic/pgf/systemlayer\pgfsy
s-pdftex.def
File: pgfsys-pdftex.def 2023-01-15 v3.1.10 (3.1.10)

(C:\Users\verci\AppData\Local\Programs\MiKTeX\tex/generic/pgf/systemlayer\pgfsy
s-common-pdf.def
File: pgfsys-common-pdf.def 2023-01-15 v3.1.10 (3.1.10)
)))
(C:\Users\verci\AppData\Local\Programs\MiKTeX\tex/generic/pgf/systemlayer\pgfsy
ssoftpath.code.tex
File: pgfsyssoftpath.code.tex 2023-01-15 v3.1.10 (3.1.10)
\pgfsyssoftpath@smallbuffer@items=\count286
\pgfsyssoftpath@bigbuffer@items=\count287
)
(C:\Users\verci\AppData\Local\Programs\MiKTeX\tex/generic/pgf/systemlayer\pgfsy
sprotocol.code.tex
File: pgfsysprotocol.code.tex 2023-01-15 v3.1.10 (3.1.10)
)) (C:\Users\verci\AppData\Local\Programs\MiKTeX\tex/latex/xcolor\xcolor.sty
Package: xcolor 2023/11/15 v3.01 LaTeX color extensions (UK)
(C:\Users\verci\AppData\Local\Programs\MiKTeX\tex/latex/graphics-cfg\color.cfg
File: color.cfg 2016/01/02 v1.6 sample color configuration
)
Package xcolor Info: Driver file: pdftex.def on input line 274.
(C:\Users\verci\AppData\Local\Programs\MiKTeX\tex/latex/graphics\mathcolor.ltx)
Package xcolor Info: Model `cmy' substituted by `cmy0' on input line 1350.
Package xcolor Info: Model `hsb' substituted by `rgb' on input line 1354.
Package xcolor Info: Model `RGB' extended on input line 1366.
Package xcolor Info: Model `HTML' substituted by `rgb' on input line 1368.
Package xcolor Info: Model `Hsb' substituted by `hsb' on input line 1369.
Package xcolor Info: Model `tHsb' substituted by `hsb' on input line 1370.
Package xcolor Info: Model `HSB' substituted by `hsb' on input line 1371.
Package xcolor Info: Model `Gray' substituted by `gray' on input line 1372.
Package xcolor Info: Model `wave' substituted by `hsb' on input line 1373.
)
(C:\Users\verci\AppData\Local\Programs\MiKTeX\tex/generic/pgf/basiclayer\pgfcor
e.code.tex
Package: pgfcore 2023-01-15 v3.1.10 (3.1.10)

(C:\Users\verci\AppData\Local\Programs\MiKTeX\tex/generic/pgf/math\pgfmath.code
.tex
(C:\Users\verci\AppData\Local\Programs\MiKTeX\tex/generic/pgf/math\pgfmathutil.
code.tex)
(C:\Users\verci\AppData\Local\Programs\MiKTeX\tex/generic/pgf/math\pgfmathparse
r.code.tex
\pgfmath@dimen=\dimen175
\pgfmath@count=\count288
\pgfmath@box=\box55
\pgfmath@toks=\toks38
\pgfmath@stack@operand=\toks39
\pgfmath@stack@operation=\toks40
)
(C:\Users\verci\AppData\Local\Programs\MiKTeX\tex/generic/pgf/math\pgfmathfunct
ions.code.tex)
(C:\Users\verci\AppData\Local\Programs\MiKTeX\tex/generic/pgf/math\pgfmathfunct
ions.basic.code.tex)
(C:\Users\verci\AppData\Local\Programs\MiKTeX\tex/generic/pgf/math\pgfmathfunct
ions.trigonometric.code.tex)
(C:\Users\verci\AppData\Local\Programs\MiKTeX\tex/generic/pgf/math\pgfmathfunct
ions.random.code.tex)
(C:\Users\verci\AppData\Local\Programs\MiKTeX\tex/generic/pgf/math\pgfmathfunct
ions.comparison.code.tex)
(C:\Users\verci\AppData\Local\Programs\MiKTeX\tex/generic/pgf/math\pgfmathfunct
ions.base.code.tex)
(C:\Users\verci\AppData\Local\Programs\MiKTeX\tex/generic/pgf/math\pgfmathfunct
ions.round.code.tex)
(C:\Users\verci\AppData\Local\Programs\MiKTeX\tex/generic/pgf/math\pgfmathfunct
ions.misc.code.tex)
(C:\Users\verci\AppData\Local\Programs\MiKTeX\tex/generic/pgf/math\pgfmathfunct
ions.integerarithmetics.code.tex)
(C:\Users\verci\AppData\Local\Programs\MiKTeX\tex/generic/pgf/math\pgfmathcalc.
code.tex)
(C:\Users\verci\AppData\Local\Programs\MiKTeX\tex/generic/pgf/math\pgfmathfloat
.code.tex
\c@pgfmathroundto@lastzeros=\count289
))
(C:\Users\verci\AppData\Local\Programs\MiKTeX\tex/generic/pgf/math\pgfint.code.
tex)
(C:\Users\verci\AppData\Local\Programs\MiKTeX\tex/generic/pgf/basiclayer\pgfcor
epoints.code.tex
File: pgfcorepoints.code.tex 2023-01-15 v3.1.10 (3.1.10)
\pgf@picminx=\dimen176
\pgf@picmaxx=\dimen177
\pgf@picminy=\dimen178
\pgf@picmaxy=\dimen179
\pgf@pathminx=\dimen180
\pgf@pathmaxx=\dimen181
\pgf@pathminy=\dimen182
\pgf@pathmaxy=\dimen183
\pgf@xx=\dimen184
\pgf@xy=\dimen185
\pgf@yx=\dimen186
\pgf@yy=\dimen187
\pgf@zx=\dimen188
\pgf@zy=\dimen189
)
(C:\Users\verci\AppData\Local\Programs\MiKTeX\tex/generic/pgf/basiclayer\pgfcor
epathconstruct.code.tex
File: pgfcorepathconstruct.code.tex 2023-01-15 v3.1.10 (3.1.10)
\pgf@path@lastx=\dimen190
\pgf@path@lasty=\dimen191
)
(C:\Users\verci\AppData\Local\Programs\MiKTeX\tex/generic/pgf/basiclayer\pgfcor
epathusage.code.tex
File: pgfcorepathusage.code.tex 2023-01-15 v3.1.10 (3.1.10)
\pgf@shorten@end@additional=\dimen192
\pgf@shorten@start@additional=\dimen193
)
(C:\Users\verci\AppData\Local\Programs\MiKTeX\tex/generic/pgf/basiclayer\pgfcor
escopes.code.tex
File: pgfcorescopes.code.tex 2023-01-15 v3.1.10 (3.1.10)
\pgfpic=\box56
\pgf@hbox=\box57
\pgf@layerbox@main=\box58
\pgf@picture@serial@count=\count290
)
(C:\Users\verci\AppData\Local\Programs\MiKTeX\tex/generic/pgf/basiclayer\pgfcor
egraphicstate.code.tex
File: pgfcoregraphicstate.code.tex 2023-01-15 v3.1.10 (3.1.10)
\pgflinewidth=\dimen194
)
(C:\Users\verci\AppData\Local\Programs\MiKTeX\tex/generic/pgf/basiclayer\pgfcor
etransformations.code.tex
File: pgfcoretransformations.code.tex 2023-01-15 v3.1.10 (3.1.10)
\pgf@pt@x=\dimen195
\pgf@pt@y=\dimen196
\pgf@pt@temp=\dimen197
)
(C:\Users\verci\AppData\Local\Programs\MiKTeX\tex/generic/pgf/basiclayer\pgfcor
equick.code.tex
File: pgfcorequick.code.tex 2023-01-15 v3.1.10 (3.1.10)
)
(C:\Users\verci\AppData\Local\Programs\MiKTeX\tex/generic/pgf/basiclayer\pgfcor
eobjects.code.tex
File: pgfcoreobjects.code.tex 2023-01-15 v3.1.10 (3.1.10)
)
(C:\Users\verci\AppData\Local\Programs\MiKTeX\tex/generic/pgf/basiclayer\pgfcor
epathprocessing.code.tex
File: pgfcorepathprocessing.code.tex 2023-01-15 v3.1.10 (3.1.10)
)
(C:\Users\verci\AppData\Local\Programs\MiKTeX\tex/generic/pgf/basiclayer\pgfcor
earrows.code.tex
File: pgfcorearrows.code.tex 2023-01-15 v3.1.10 (3.1.10)
\pgfarrowsep=\dimen198
)
(C:\Users\verci\AppData\Local\Programs\MiKTeX\tex/generic/pgf/basiclayer\pgfcor
eshade.code.tex
File: pgfcoreshade.code.tex 2023-01-15 v3.1.10 (3.1.10)
\pgf@max=\dimen199
\pgf@sys@shading@range@num=\count291
\pgf@shadingcount=\count292
)
(C:\Users\verci\AppData\Local\Programs\MiKTeX\tex/generic/pgf/basiclayer\pgfcor
eimage.code.tex
File: pgfcoreimage.code.tex 2023-01-15 v3.1.10 (3.1.10)
)
(C:\Users\verci\AppData\Local\Programs\MiKTeX\tex/generic/pgf/basiclayer\pgfcor
eexternal.code.tex
File: pgfcoreexternal.code.tex 2023-01-15 v3.1.10 (3.1.10)
\pgfexternal@startupbox=\box59
)
(C:\Users\verci\AppData\Local\Programs\MiKTeX\tex/generic/pgf/basiclayer\pgfcor
elayers.code.tex
File: pgfcorelayers.code.tex 2023-01-15 v3.1.10 (3.1.10)
)
(C:\Users\verci\AppData\Local\Programs\MiKTeX\tex/generic/pgf/basiclayer\pgfcor
etransparency.code.tex
File: pgfcoretransparency.code.tex 2023-01-15 v3.1.10 (3.1.10)
)
(C:\Users\verci\AppData\Local\Programs\MiKTeX\tex/generic/pgf/basiclayer\pgfcor
epatterns.code.tex
File: pgfcorepatterns.code.tex 2023-01-15 v3.1.10 (3.1.10)
)
(C:\Users\verci\AppData\Local\Programs\MiKTeX\tex/generic/pgf/basiclayer\pgfcor
erdf.code.tex
File: pgfcorerdf.code.tex 2023-01-15 v3.1.10 (3.1.10)
)))
(C:\Users\verci\AppData\Local\Programs\MiKTeX\tex/generic/pgf/modules\pgfmodule
shapes.code.tex
File: pgfmoduleshapes.code.tex 2023-01-15 v3.1.10 (3.1.10)
\pgfnodeparttextbox=\box60
)
(C:\Users\verci\AppData\Local\Programs\MiKTeX\tex/generic/pgf/modules\pgfmodule
plot.code.tex
File: pgfmoduleplot.code.tex 2023-01-15 v3.1.10 (3.1.10)
)
(C:\Users\verci\AppData\Local\Programs\MiKTeX\tex/latex/pgf/compatibility\pgfco
mp-version-0-65.sty
Package: pgfcomp-version-0-65 2023-01-15 v3.1.10 (3.1.10)
\pgf@nodesepstart=\dimen256
\pgf@nodesepend=\dimen257
)
(C:\Users\verci\AppData\Local\Programs\MiKTeX\tex/latex/pgf/compatibility\pgfco
mp-version-1-18.sty
Package: pgfcomp-version-1-18 2023-01-15 v3.1.10 (3.1.10)
)) (C:\Users\verci\AppData\Local\Programs\MiKTeX\tex/latex/tools\verbatim.sty
Package: verbatim 2023-11-06 v1.5v LaTeX2e package for verbatim enhancements
\every@verbatim=\toks41
\verbatim@line=\toks42
\verbatim@in@stream=\read4
) (C:\Users\verci\AppData\Local\Programs\MiKTeX\tex/latex/environ\environ.sty
Package: environ 2014/05/04 v0.3 A new way to define environments

(C:\Users\verci\AppData\Local\Programs\MiKTeX\tex/latex/trimspaces\trimspaces.s
ty
Package: trimspaces 2009/09/17 v1.1 Trim spaces around a token list
)) (C:\Users\verci\AppData\Local\Programs\MiKTeX\tex/latex/etoolbox\etoolbox.st
y
Package: etoolbox 2020/10/05 v2.5k e-TeX tools for LaTeX (JAW)
\etb@tempcnta=\count293
)
\tcb@titlebox=\box61
\tcb@upperbox=\box62
\tcb@lowerbox=\box63
\tcb@phantombox=\box64
\c@tcbbreakpart=\count294
\c@tcblayer=\count295
\c@tcolorbox@number=\count296
\l__tcobox_tmpa_box=\box65
\l__tcobox_tmpa_dim=\dimen258
\tcb@temp=\box66
\tcb@temp=\box67
\tcb@temp=\box68
\tcb@temp=\box69
)
(C:\Users\verci\AppData\Local\Programs\MiKTeX\tex/latex/tcolorbox\tcbraster.cod
e.tex
Library (tcolorbox): 'tcbraster.code.tex' version '6.2.0'
\c@tcbrastercolumn=\count297
\c@tcbrasterrow=\count298
\c@tcbrasternum=\count299
\c@tcbraster=\count300
)
(C:\Users\verci\AppData\Local\Programs\MiKTeX\tex/latex/tcolorbox\tcbskins.code
.tex
Library (tcolorbox): 'tcbskins.code.tex' version '6.2.0'

(C:\Users\verci\AppData\Local\Programs\MiKTeX\tex/latex/pgf/frontendlayer\tikz.
sty
(C:\Users\verci\AppData\Local\Programs\MiKTeX\tex/latex/pgf/utilities\pgffor.st
y
(C:\Users\verci\AppData\Local\Programs\MiKTeX\tex/latex/pgf/utilities\pgfkeys.s
ty
(C:\Users\verci\AppData\Local\Programs\MiKTeX\tex/generic/pgf/utilities\pgfkeys
.code.tex)) (C:\Users\verci\AppData\Local\Programs\MiKTeX\tex/latex/pgf/math\pg
fmath.sty
(C:\Users\verci\AppData\Local\Programs\MiKTeX\tex/generic/pgf/math\pgfmath.code
.tex))
(C:\Users\verci\AppData\Local\Programs\MiKTeX\tex/generic/pgf/utilities\pgffor.
code.tex
Package: pgffor 2023-01-15 v3.1.10 (3.1.10)
\pgffor@iter=\dimen259
\pgffor@skip=\dimen260
\pgffor@stack=\toks43
\pgffor@toks=\toks44
))
(C:\Users\verci\AppData\Local\Programs\MiKTeX\tex/generic/pgf/frontendlayer/tik
z\tikz.code.tex
Package: tikz 2023-01-15 v3.1.10 (3.1.10)

(C:\Users\verci\AppData\Local\Programs\MiKTeX\tex/generic/pgf/libraries\pgflibr
aryplothandlers.code.tex
File: pgflibraryplothandlers.code.tex 2023-01-15 v3.1.10 (3.1.10)
\pgf@plot@mark@count=\count301
\pgfplotmarksize=\dimen261
)
\tikz@lastx=\dimen262
\tikz@lasty=\dimen263
\tikz@lastxsaved=\dimen264
\tikz@lastysaved=\dimen265
\tikz@lastmovetox=\dimen266
\tikz@lastmovetoy=\dimen267
\tikzleveldistance=\dimen268
\tikzsiblingdistance=\dimen269
\tikz@figbox=\box70
\tikz@figbox@bg=\box71
\tikz@tempbox=\box72
\tikz@tempbox@bg=\box73
\tikztreelevel=\count302
\tikznumberofchildren=\count303
\tikznumberofcurrentchild=\count304
\tikz@fig@count=\count305

(C:\Users\verci\AppData\Local\Programs\MiKTeX\tex/generic/pgf/modules\pgfmodule
matrix.code.tex
File: pgfmodulematrix.code.tex 2023-01-15 v3.1.10 (3.1.10)
\pgfmatrixcurrentrow=\count306
\pgfmatrixcurrentcolumn=\count307
\pgf@matrix@numberofcolumns=\count308
)
\tikz@expandcount=\count309

(C:\Users\verci\AppData\Local\Programs\MiKTeX\tex/generic/pgf/frontendlayer/tik
z/libraries\tikzlibrarytopaths.code.tex
File: tikzlibrarytopaths.code.tex 2023-01-15 v3.1.10 (3.1.10)
)))
(C:\Users\verci\AppData\Local\Programs\MiKTeX\tex/latex/tikzfill\tikzfill.image
.sty
Package: tikzfill.image 2026/04/23 v1.2.0 Image filling library for TikZ

(C:\Users\verci\AppData\Local\Programs\MiKTeX\tex/latex/tikzfill\tikzlibraryfil
l.image.code.tex
File: tikzlibraryfill.image.code.tex 2026/04/23 v1.2.0 Image filling library
\l__tikzfill_tmpa_dim=\dimen270
\l__tikzfill_tmpb_dim=\dimen271
\l__tikzfill_img_box=\box74
))
(C:\Users\verci\AppData\Local\Programs\MiKTeX\tex/latex/tcolorbox\tcbskinsjigsa
w.code.tex
Library (tcolorbox): 'tcbskinsjigsaw.code.tex' version '6.2.0'
))
(C:\Users\verci\AppData\Local\Programs\MiKTeX\tex/latex/tcolorbox\tcbbreakable.
code.tex
Library (tcolorbox): 'tcbbreakable.code.tex' version '6.2.0'
(C:\Users\verci\AppData\Local\Programs\MiKTeX\tex/latex/pdfcol\pdfcol.sty
Package: pdfcol 2022-09-21 v1.7 Handle new color stacks for pdfTeX (HO)
(C:\Users\verci\AppData\Local\Programs\MiKTeX\tex/generic/ltxcmds\ltxcmds.sty
Package: ltxcmds 2023-12-04 v1.26 LaTeX kernel commands for general use (HO)
)
(C:\Users\verci\AppData\Local\Programs\MiKTeX\tex/generic/infwarerr\infwarerr.s
ty
Package: infwarerr 2019/12/03 v1.5 Providing info/warning/error messages (HO)
) (C:\Users\verci\AppData\Local\Programs\MiKTeX\tex/generic/iftex\iftex.sty
Package: iftex 2022/02/03 v1.0f TeX engine tests
))
Package pdfcol Info: New color stack `tcb@breakable' = 1 on input line 23.
\tcb@testbox=\box75
\tcb@totalupperbox=\box76
\tcb@totallowerbox=\box77
)
(C:\Users\verci\AppData\Local\Programs\MiKTeX\tex/latex/tcolorbox\tcbhooks.code
.tex
Library (tcolorbox): 'tcbhooks.code.tex' version '6.2.0'
)
(C:\Users\verci\AppData\Local\Programs\MiKTeX\tex/latex/tcolorbox\tcbtheorems.c
ode.tex
Library (tcolorbox): 'tcbtheorems.code.tex' version '6.2.0'
)
(C:\Users\verci\AppData\Local\Programs\MiKTeX\tex/latex/tcolorbox\tcbfitting.co
de.tex
Library (tcolorbox): 'tcbfitting.code.tex' version '6.2.0'
\tcbfitdim=\dimen272
\tcb@lowerfitdim=\dimen273
\tcb@upperfitdim=\dimen274
\tcb@cur@hbadness=\count310
)
(C:\Users\verci\AppData\Local\Programs\MiKTeX\tex/latex/tcolorbox\tcblistingsut
f8.code.tex
Library (tcolorbox): 'tcblistingsutf8.code.tex' version '6.2.0'

(C:\Users\verci\AppData\Local\Programs\MiKTeX\tex/latex/tcolorbox\tcblistings.c
ode.tex
Library (tcolorbox): 'tcblistings.code.tex' version '6.2.0'
(C:\Users\verci\AppData\Local\Programs\MiKTeX\tex/latex/listings\listings.sty
\lst@mode=\count311
\lst@gtempboxa=\box78
\lst@token=\toks45
\lst@length=\count312
\lst@currlwidth=\dimen275
\lst@column=\count313
\lst@pos=\count314
\lst@lostspace=\dimen276
\lst@width=\dimen277
\lst@newlines=\count315
\lst@lineno=\count316
\lst@maxwidth=\dimen278
(C:\Users\verci\AppData\Local\Programs\MiKTeX\tex/latex/listings\lstmisc.sty
File: lstmisc.sty 2023/02/27 1.9 (Carsten Heinz)
\c@lstnumber=\count317
\lst@skipnumbers=\count318
\lst@framebox=\box79
) (C:\Users\verci\AppData\Local\Programs\MiKTeX\tex/latex/listings\listings.cfg
File: listings.cfg 2023/02/27 1.9 listings configuration
))
Package: listings 2023/02/27 1.9 (Carsten Heinz)

(C:\Users\verci\AppData\Local\Programs\MiKTeX\tex/latex/tcolorbox\tcblistingsco
re.code.tex
Library (tcolorbox): 'tcblistingscore.code.tex' version '6.2.0'

(C:\Users\verci\AppData\Local\Programs\MiKTeX\tex/latex/tcolorbox\tcbprocessing
.code.tex
Library (tcolorbox): 'tcbprocessing.code.tex' version '6.2.0'
)
\c@tcblisting=\count319
))
(C:\Users\verci\AppData\Local\Programs\MiKTeX\tex/latex/listingsutf8\listingsut
f8.sty
Package: listingsutf8 2019-12-10 v1.5 Allow UTF-8 in listings input (HO)

(C:\Users\verci\AppData\Local\Programs\MiKTeX\tex/generic/pdftexcmds\pdftexcmds
.sty
Package: pdftexcmds 2020-06-27 v0.33 Utility functions of pdfTeX for LuaTeX (HO
)
Package pdftexcmds Info: \pdf@primitive is available.
Package pdftexcmds Info: \pdf@ifprimitive is available.
Package pdftexcmds Info: \pdfdraftmode found.
)
(C:\Users\verci\AppData\Local\Programs\MiKTeX\tex/generic/stringenc\stringenc.s
ty
Package: stringenc 2019/11/29 v1.12 Convert strings between diff. encodings (HO
)

(C:\Users\verci\AppData\Local\Programs\MiKTeX\tex/generic/pdfescape\pdfescape.s
ty
Package: pdfescape 2019/12/09 v1.15 Implements pdfTeX's escape features (HO)
))))
(C:\Users\verci\AppData\Local\Programs\MiKTeX\tex/latex/tcolorbox\tcbexternal.c
ode.tex
Library (tcolorbox): 'tcbexternal.code.tex' version '6.2.0'
)
(C:\Users\verci\AppData\Local\Programs\MiKTeX\tex/latex/tcolorbox\tcbmagazine.c
ode.tex
Library (tcolorbox): 'tcbmagazine.code.tex' version '6.2.0'
)
(C:\Users\verci\AppData\Local\Programs\MiKTeX\tex/latex/tcolorbox\tcbvignette.c
ode.tex
Library (tcolorbox): 'tcbvignette.code.tex' version '6.2.0'

(C:\Users\verci\AppData\Local\Programs\MiKTeX\tex/generic/pgf/frontendlayer/tik
z/libraries\tikzlibraryfadings.code.tex
File: tikzlibraryfadings.code.tex 2023-01-15 v3.1.10 (3.1.10)

(C:\Users\verci\AppData\Local\Programs\MiKTeX\tex/generic/pgf/libraries\pgflibr
aryfadings.code.tex
File: pgflibraryfadings.code.tex 2023-01-15 v3.1.10 (3.1.10)
)))
(C:\Users\verci\AppData\Local\Programs\MiKTeX\tex/latex/tcolorbox\tcbposter.cod
e.tex
Library (tcolorbox): 'tcbposter.code.tex' version '6.2.0'
) (C:\Users\verci\AppData\Local\Programs\MiKTeX\tex/latex/lm\lmodern.sty
Package: lmodern 2015/05/01 v1.6.1 Latin Modern Fonts
LaTeX Font Info:    Overwriting symbol font `operators' in version `normal'
(Font)                  OT1/cmr/m/n --> OT1/lmr/m/n on input line 22.
LaTeX Font Info:    Overwriting symbol font `letters' in version `normal'
(Font)                  OML/cmm/m/it --> OML/lmm/m/it on input line 23.
LaTeX Font Info:    Overwriting symbol font `symbols' in version `normal'
(Font)                  OMS/cmsy/m/n --> OMS/lmsy/m/n on input line 24.
LaTeX Font Info:    Overwriting symbol font `largesymbols' in version `normal'
(Font)                  OMX/cmex/m/n --> OMX/lmex/m/n on input line 25.
LaTeX Font Info:    Overwriting symbol font `operators' in version `bold'
(Font)                  OT1/cmr/bx/n --> OT1/lmr/bx/n on input line 26.
LaTeX Font Info:    Overwriting symbol font `letters' in version `bold'
(Font)                  OML/cmm/b/it --> OML/lmm/b/it on input line 27.
LaTeX Font Info:    Overwriting symbol font `symbols' in version `bold'
(Font)                  OMS/cmsy/b/n --> OMS/lmsy/b/n on input line 28.
LaTeX Font Info:    Overwriting symbol font `largesymbols' in version `bold'
(Font)                  OMX/cmex/m/n --> OMX/lmex/m/n on input line 29.
LaTeX Font Info:    Overwriting math alphabet `\mathbf' in version `normal'
(Font)                  OT1/cmr/bx/n --> OT1/lmr/bx/n on input line 31.
LaTeX Font Info:    Overwriting math alphabet `\mathsf' in version `normal'
(Font)                  OT1/cmss/m/n --> OT1/lmss/m/n on input line 32.
LaTeX Font Info:    Overwriting math alphabet `\mathit' in version `normal'
(Font)                  OT1/cmr/m/it --> OT1/lmr/m/it on input line 33.
LaTeX Font Info:    Overwriting math alphabet `\mathtt' in version `normal'
(Font)                  OT1/cmtt/m/n --> OT1/lmtt/m/n on input line 34.
LaTeX Font Info:    Overwriting math alphabet `\mathbf' in version `bold'
(Font)                  OT1/cmr/bx/n --> OT1/lmr/bx/n on input line 35.
LaTeX Font Info:    Overwriting math alphabet `\mathsf' in version `bold'
(Font)                  OT1/cmss/bx/n --> OT1/lmss/bx/n on input line 36.
LaTeX Font Info:    Overwriting math alphabet `\mathit' in version `bold'
(Font)                  OT1/cmr/bx/it --> OT1/lmr/bx/it on input line 37.
LaTeX Font Info:    Overwriting math alphabet `\mathtt' in version `bold'
(Font)                  OT1/cmtt/m/n --> OT1/lmtt/m/n on input line 38.
) (C:\Users\verci\AppData\Local\Programs\MiKTeX\tex/latex/tools\bm.sty
Package: bm 2023/07/08 v1.2f Bold Symbol Support (DPC/FMi)
\symboldoperators=\mathgroup7
\symboldletters=\mathgroup8
\symboldsymbols=\mathgroup9
Package bm Info: No bold for \OMX/lmex/m/n, using \pmb.
Package bm Info: No bold for \U/msa/m/n, using \pmb.
Package bm Info: No bold for \U/msb/m/n, using \pmb.
Package bm Info: No bold for \U/esint/m/n, using \pmb.
LaTeX Font Info:    Redeclaring math alphabet \mathbf on input line 149.
) (C:\Users\verci\AppData\Local\Programs\MiKTeX\tex/latex/jknappen\mathrsfs.sty
Package: mathrsfs 1996/01/01 Math RSFS package v1.0 (jk)
\symrsfs=\mathgroup10
) (C:\Users\verci\AppData\Local\Programs\MiKTeX\tex/latex/tensor\tensor.sty
Package: tensor 2023/07/18 v2.2 tensor indices package (PGR)
\tnsr@Sps=\toks46
\tnsr@Sbs=\toks47
\tnsr@Spe=\toks48
\tnsr@Sbe=\toks49
\ncld@Mno=\toks50
) (C:\Users\verci\AppData\Local\Programs\MiKTeX\tex/latex/siunitx\siunitx.sty
Package: siunitx 2024-02-15 v3.3.12 A comprehensive (SI) units package
\l__siunitx_number_uncert_offset_int=\count320
\l__siunitx_number_exponent_fixed_int=\count321
\l__siunitx_number_min_decimal_int=\count322
\l__siunitx_number_min_integer_int=\count323
\l__siunitx_number_round_precision_int=\count324
\l__siunitx_number_lower_threshold_int=\count325
\l__siunitx_number_upper_threshold_int=\count326
\l__siunitx_number_group_first_int=\count327
\l__siunitx_number_group_size_int=\count328
\l__siunitx_number_group_minimum_int=\count329
\l__siunitx_angle_tmp_dim=\dimen279
\l__siunitx_angle_marker_box=\box80
\l__siunitx_angle_unit_box=\box81
\l__siunitx_compound_count_int=\count330

(C:\Users\verci\AppData\Local\Programs\MiKTeX\tex/latex/translations\translatio
ns.sty
Package: translations 2022/02/05 v1.12 internationalization of LaTeX2e packages
 (CN)
)
\l__siunitx_table_tmp_box=\box82
\l__siunitx_table_tmp_dim=\dimen280
\l__siunitx_table_column_width_dim=\dimen281
\l__siunitx_table_integer_box=\box83
\l__siunitx_table_decimal_box=\box84
\l__siunitx_table_uncert_box=\box85
\l__siunitx_table_before_box=\box86
\l__siunitx_table_after_box=\box87
\l__siunitx_table_before_dim=\dimen282
\l__siunitx_table_carry_dim=\dimen283
\l__siunitx_unit_tmp_int=\count331
\l__siunitx_unit_position_int=\count332
\l__siunitx_unit_total_int=\count333
(C:\Users\verci\AppData\Local\Programs\MiKTeX\tex/latex/tools\array.sty
Package: array 2023/10/16 v2.5g Tabular extension package (FMi)
\col@sep=\dimen284
\ar@mcellbox=\box88
\extrarowheight=\dimen285
\NC@list=\toks51
\extratabsurround=\skip60
\backup@length=\skip61
\ar@cellbox=\box89
)) (C:\Users\verci\AppData\Local\Programs\MiKTeX\tex/latex/silence\silence.sty
Package: silence 2012/07/02 v1.5b Selective filtering of warnings and error mes
sages
\sl@Save=\count334
\sl@StateNumber=\count335
\sl@MessageCount=\count336
\sl@Casualties=\count337
\sl@Filter=\toks52
\sl@Message=\toks53
\sl@UnexpandedMessage=\toks54
\sl@Mess@ge=\toks55
\sl@WarningCount=\count338
\sl@WarningNumber=\count339
\sl@WarningCasualties=\count340
\sl@TempBOW=\toks56
\sl@BankOfWarnings=\toks57
LaTeX Info: Redefining \GenericWarning on input line 433.
\sl@ErrorCount=\count341
\sl@ErrorNumber=\count342
\sl@ErrorCasualties=\count343
\sl@TempBOE=\toks58
\sl@BankOfErrors=\toks59
LaTeX Info: Redefining \GenericError on input line 601.
) (C:\Users\verci\AppData\Local\Programs\MiKTeX\tex/latex/tabulary\tabulary.sty
Package: tabulary 2024/06/04 v0.11 tabulary package (DPC)

LaTeX Warning: You have requested, on input line 20, version
               `2024/05/23' of package array,
               but only version
               `2023/10/16 v2.5g Tabular extension package (FMi)'
               is available.

\TY@count=\count344
\TY@linewidth=\dimen286
\tymin=\dimen287
\tymax=\dimen288
\TY@tablewidth=\dimen289
) (C:\Users\verci\AppData\Local\Programs\MiKTeX\tex/latex/mdframed\mdframed.sty
Package: mdframed 2013/07/01 1.9b: mdframed

(C:\Users\verci\AppData\Local\Programs\MiKTeX\tex/latex/kvoptions\kvoptions.sty
Package: kvoptions 2022-06-15 v3.15 Key value format for package options (HO)

(C:\Users\verci\AppData\Local\Programs\MiKTeX\tex/latex/kvsetkeys\kvsetkeys.sty
Package: kvsetkeys 2022-10-05 v1.19 Key value parser (HO)
))
(C:\Users\verci\AppData\Local\Programs\MiKTeX\tex/latex/l3packages/xparse\xpars
e.sty (C:\Users\verci\AppData\Local\Programs\MiKTeX\tex/latex/l3kernel\expl3.st
y
Package: expl3 2024-01-22 L3 programming layer (loader) 

(C:\Users\verci\AppData\Local\Programs\MiKTeX\tex/latex/l3backend\l3backend-pdf
tex.def
File: l3backend-pdftex.def 2024-01-04 L3 backend support: PDF output (pdfTeX)
\l__color_backend_stack_int=\count345
\l__pdf_internal_box=\box90
))
Package: xparse 2023-10-10 L3 Experimental document command parser
) (C:\Users\verci\AppData\Local\Programs\MiKTeX\tex/latex/zref\zref-abspage.sty
Package: zref-abspage 2025-06-08 v2.36 Module abspage for zref (HO)
(C:\Users\verci\AppData\Local\Programs\MiKTeX\tex/latex/zref\zref-base.sty
Package: zref-base 2025-06-08 v2.36 Module base for zref (HO)

(C:\Users\verci\AppData\Local\Programs\MiKTeX\tex/generic/kvdefinekeys\kvdefine
keys.sty
Package: kvdefinekeys 2019-12-19 v1.6 Define keys (HO)
)
(C:\Users\verci\AppData\Local\Programs\MiKTeX\tex/generic/etexcmds\etexcmds.sty
Package: etexcmds 2019/12/15 v1.7 Avoid name clashes with e-TeX commands (HO)
) (C:\Users\verci\AppData\Local\Programs\MiKTeX\tex/latex/auxhook\auxhook.sty
Package: auxhook 2019-12-17 v1.6 Hooks for auxiliary files (HO)
)
Package zref Info: New property list: main on input line 767.
Package zref Info: New property: default on input line 768.
Package zref Info: New property: page on input line 769.
)
\c@abspage=\count346
Package zref Info: New property: abspage on input line 67.
)
(C:\Users\verci\AppData\Local\Programs\MiKTeX\tex/latex/needspace\needspace.sty
Package: needspace 2025/03/13 v1.3e reserve vertical space
)
\mdf@templength=\skip62
\c@mdf@globalstyle@cnt=\count347
\mdf@skipabove@length=\skip63
\mdf@skipbelow@length=\skip64
\mdf@leftmargin@length=\skip65
\mdf@rightmargin@length=\skip66
\mdf@innerleftmargin@length=\skip67
\mdf@innerrightmargin@length=\skip68
\mdf@innertopmargin@length=\skip69
\mdf@innerbottommargin@length=\skip70
\mdf@splittopskip@length=\skip71
\mdf@splitbottomskip@length=\skip72
\mdf@outermargin@length=\skip73
\mdf@innermargin@length=\skip74
\mdf@linewidth@length=\skip75
\mdf@innerlinewidth@length=\skip76
\mdf@middlelinewidth@length=\skip77
\mdf@outerlinewidth@length=\skip78
\mdf@roundcorner@length=\skip79
\mdf@footenotedistance@length=\skip80
\mdf@userdefinedwidth@length=\skip81
\mdf@needspace@length=\skip82
\mdf@frametitleaboveskip@length=\skip83
\mdf@frametitlebelowskip@length=\skip84
\mdf@frametitlerulewidth@length=\skip85
\mdf@frametitleleftmargin@length=\skip86
\mdf@frametitlerightmargin@length=\skip87
\mdf@shadowsize@length=\skip88
\mdf@extratopheight@length=\skip89
\mdf@subtitleabovelinewidth@length=\skip90
\mdf@subtitlebelowlinewidth@length=\skip91
\mdf@subtitleaboveskip@length=\skip92
\mdf@subtitlebelowskip@length=\skip93
\mdf@subtitleinneraboveskip@length=\skip94
\mdf@subtitleinnerbelowskip@length=\skip95
\mdf@subsubtitleabovelinewidth@length=\skip96
\mdf@subsubtitlebelowlinewidth@length=\skip97
\mdf@subsubtitleaboveskip@length=\skip98
\mdf@subsubtitlebelowskip@length=\skip99
\mdf@subsubtitleinneraboveskip@length=\skip100
\mdf@subsubtitleinnerbelowskip@length=\skip101

(C:\Users\verci\AppData\Local\Programs\MiKTeX\tex/latex/mdframed\md-frame-0.mdf
File: md-frame-0.mdf 2013/07/01\ 1.9b: md-frame-0
)
\mdf@frametitlebox=\box91
\mdf@footnotebox=\box92
\mdf@splitbox@one=\box93
\mdf@splitbox@two=\box94
\mdf@splitbox@save=\box95
\mdfsplitboxwidth=\skip102
\mdfsplitboxtotalwidth=\skip103
\mdfsplitboxheight=\skip104
\mdfsplitboxdepth=\skip105
\mdfsplitboxtotalheight=\skip106
\mdfframetitleboxwidth=\skip107
\mdfframetitleboxtotalwidth=\skip108
\mdfframetitleboxheight=\skip109
\mdfframetitleboxdepth=\skip110
\mdfframetitleboxtotalheight=\skip111
\mdffootnoteboxwidth=\skip112
\mdffootnoteboxtotalwidth=\skip113
\mdffootnoteboxheight=\skip114
\mdffootnoteboxdepth=\skip115
\mdffootnoteboxtotalheight=\skip116
\mdftotallinewidth=\skip117
\mdfboundingboxwidth=\skip118
\mdfboundingboxtotalwidth=\skip119
\mdfboundingboxheight=\skip120
\mdfboundingboxdepth=\skip121
\mdfboundingboxtotalheight=\skip122
\mdf@freevspace@length=\skip123
\mdf@horizontalwidthofbox@length=\skip124
\mdf@verticalmarginwhole@length=\skip125
\mdf@horizontalspaceofbox=\skip126
\mdfsubtitleheight=\skip127
\mdfsubsubtitleheight=\skip128
\c@mdfcountframes=\count348

****** mdframed patching \endmdf@trivlist

****** -- success******

\mdf@envdepth=\count349
\c@mdf@env@i=\count350
\c@mdf@env@ii=\count351
\c@mdf@zref@counter=\count352
Package zref Info: New property: mdf@pagevalue on input line 895.
) (C:\Users\verci\AppData\Local\Programs\MiKTeX\tex/latex/oberdiek\centernot.st
y
Package: centernot 2016/05/16 v1.4 Centers the not symbol horizontally (HO)
) (C:\Users\verci\AppData\Local\Programs\MiKTeX\tex/latex/tools\dcolumn.sty
Package: dcolumn 2023/07/08 v1.06 decimal alignment package (DPC)
) (C:\Users\verci\AppData\Local\Programs\MiKTeX\tex/latex/enumitem\enumitem.sty
Package: enumitem 2019/06/20 v3.9 Customized lists
\labelindent=\skip129
\enit@outerparindent=\dimen290
\enit@toks=\toks60
\enit@inbox=\box96
\enit@count@id=\count353
\enitdp@description=\count354
) (C:\Users\verci\AppData\Local\Programs\MiKTeX\tex/latex/float\float.sty
Package: float 2001/11/08 v1.3d Float enhancements (AL)
\c@float@type=\count355
\float@exts=\toks61
\float@box=\box97
\@float@everytoks=\toks62
\@floatcapt=\box98
)
(C:\Users\verci\AppData\Local\Programs\MiKTeX\tex/generic/pgf/frontendlayer/tik
z/libraries\tikzlibrarypositioning.code.tex
File: tikzlibrarypositioning.code.tex 2023-01-15 v3.1.10 (3.1.10)
)
(C:\Users\verci\AppData\Local\Programs\MiKTeX\tex/generic/pgf/frontendlayer/tik
z/libraries\tikzlibraryarrows.code.tex
File: tikzlibraryarrows.code.tex 2023-01-15 v3.1.10 (3.1.10)

(C:\Users\verci\AppData\Local\Programs\MiKTeX\tex/generic/pgf/libraries\pgflibr
aryarrows.code.tex
File: pgflibraryarrows.code.tex 2023-01-15 v3.1.10 (3.1.10)
\arrowsize=\dimen291
))
(C:\Users\verci\AppData\Local\Programs\MiKTeX\tex/generic/pgf/frontendlayer/tik
z/libraries\tikzlibrarytrees.code.tex
File: tikzlibrarytrees.code.tex 2023-01-15 v3.1.10 (3.1.10)
)
(C:\Users\verci\AppData\Local\Programs\MiKTeX\tex/generic/pgf/frontendlayer/tik
z/libraries\tikzlibrary3d.code.tex
File: tikzlibrary3d.code.tex 2023-01-15 v3.1.10 (3.1.10)
)
(C:\Users\verci\AppData\Local\Programs\MiKTeX\tex/generic/pgf/frontendlayer/tik
z/libraries\tikzlibraryangles.code.tex
File: tikzlibraryangles.code.tex 2023-01-15 v3.1.10 (3.1.10)
) (C:\Users\verci\AppData\Local\Programs\MiKTeX\tex/latex/pgfplots\pgfplots.sty

(C:\Users\verci\AppData\Local\Programs\MiKTeX\tex/generic/pgfplots\pgfplots.rev
ision.tex)
Package: pgfplots 2021/05/15 v1.18.1 Data Visualization (1.18.1)

(C:\Users\verci\AppData\Local\Programs\MiKTeX\tex/generic/pgfplots\pgfplots.cod
e.tex
(C:\Users\verci\AppData\Local\Programs\MiKTeX\tex/generic/pgfplots\pgfplotscore
.code.tex
\t@pgfplots@toka=\toks63
\t@pgfplots@tokb=\toks64
\t@pgfplots@tokc=\toks65
\pgfplots@tmpa=\dimen292
\c@pgfplots@coordindex=\count356
\c@pgfplots@scanlineindex=\count357

(C:\Users\verci\AppData\Local\Programs\MiKTeX\tex/generic/pgfplots/sys\pgfplots
sysgeneric.code.tex))
(C:\Users\verci\AppData\Local\Programs\MiKTeX\tex/generic/pgfplots/libs\pgfplot
slibrary.code.tex)
(C:\Users\verci\AppData\Local\Programs\MiKTeX\tex/generic/pgfplots/oldpgfcompat
ib\pgfplotsoldpgfsupp_loader.code.tex
(C:\Users\verci\AppData\Local\Programs\MiKTeX\tex/generic/pgf/libraries\pgflibr
aryfpu.code.tex)
Package pgfplots: loading complementary utilities for your pgf version...
\t@pgf@toka=\toks66
\t@pgf@tokb=\toks67
\t@pgf@tokc=\toks68

(C:\Users\verci\AppData\Local\Programs\MiKTeX\tex/generic/pgfplots/oldpgfcompat
ib\pgfplotsoldpgfsupp_pgfutil-common-lists.tex))
(C:\Users\verci\AppData\Local\Programs\MiKTeX\tex/generic/pgfplots/util\pgfplot
sutil.code.tex
(C:\Users\verci\AppData\Local\Programs\MiKTeX\tex/generic/pgfplots/liststructur
e\pgfplotsliststructure.code.tex)
(C:\Users\verci\AppData\Local\Programs\MiKTeX\tex/generic/pgfplots/liststructur
e\pgfplotsliststructureext.code.tex)
(C:\Users\verci\AppData\Local\Programs\MiKTeX\tex/generic/pgfplots/liststructur
e\pgfplotsarray.code.tex
\c@pgfplotsarray@tmp=\count358
)
(C:\Users\verci\AppData\Local\Programs\MiKTeX\tex/generic/pgfplots/liststructur
e\pgfplotsmatrix.code.tex)
(C:\Users\verci\AppData\Local\Programs\MiKTeX\tex/generic/pgfplots/numtable\pgf
plotstableshared.code.tex
\c@pgfplotstable@counta=\count359
\t@pgfplotstable@a=\toks69
)
(C:\Users\verci\AppData\Local\Programs\MiKTeX\tex/generic/pgfplots/liststructur
e\pgfplotsdeque.code.tex)
(C:\Users\verci\AppData\Local\Programs\MiKTeX\tex/generic/pgfplots/util\pgfplot
sbinary.code.tex
(C:\Users\verci\AppData\Local\Programs\MiKTeX\tex/generic/pgfplots/util\pgfplot
sbinary.data.code.tex))
(C:\Users\verci\AppData\Local\Programs\MiKTeX\tex/generic/pgfplots/util\pgfplot
sutil.verb.code.tex)
(C:\Users\verci\AppData\Local\Programs\MiKTeX\tex/generic/pgfplots/libs\pgflibr
arypgfplots.surfshading.code.tex
\c@pgfplotslibrarysurf@no=\count360

(C:\Users\verci\AppData\Local\Programs\MiKTeX\tex/generic/pgfplots/sys\pgflibra
rypgfplots.surfshading.pgfsys-pdftex.def)))
(C:\Users\verci\AppData\Local\Programs\MiKTeX\tex/generic/pgfplots/util\pgfplot
scolormap.code.tex
(C:\Users\verci\AppData\Local\Programs\MiKTeX\tex/generic/pgfplots/util\pgfplot
scolor.code.tex))
(C:\Users\verci\AppData\Local\Programs\MiKTeX\tex/generic/pgfplots\pgfplotsstac
kedplots.code.tex)
(C:\Users\verci\AppData\Local\Programs\MiKTeX\tex/generic/pgfplots\pgfplotsplot
handlers.code.tex
(C:\Users\verci\AppData\Local\Programs\MiKTeX\tex/generic/pgfplots\pgfplotsmesh
plothandler.code.tex
(C:\Users\verci\AppData\Local\Programs\MiKTeX\tex/generic/pgfplots\pgfplotsmesh
plotimage.code.tex)))
(C:\Users\verci\AppData\Local\Programs\MiKTeX\tex/generic/pgfplots\pgfplots.sca
ling.code.tex)
(C:\Users\verci\AppData\Local\Programs\MiKTeX\tex/generic/pgfplots\pgfplotscoor
dprocessing.code.tex)
(C:\Users\verci\AppData\Local\Programs\MiKTeX\tex/generic/pgfplots\pgfplots.err
orbars.code.tex)
(C:\Users\verci\AppData\Local\Programs\MiKTeX\tex/generic/pgfplots\pgfplots.mar
kers.code.tex)
(C:\Users\verci\AppData\Local\Programs\MiKTeX\tex/generic/pgfplots\pgfplotstick
s.code.tex)
(C:\Users\verci\AppData\Local\Programs\MiKTeX\tex/generic/pgfplots\pgfplots.pat
hs.code.tex)
(C:\Users\verci\AppData\Local\Programs\MiKTeX\tex/generic/pgf/frontendlayer/tik
z/libraries\tikzlibrarydecorations.code.tex
(C:\Users\verci\AppData\Local\Programs\MiKTeX\tex/generic/pgf/modules\pgfmodule
decorations.code.tex
\pgfdecoratedcompleteddistance=\dimen293
\pgfdecoratedremainingdistance=\dimen294
\pgfdecoratedinputsegmentcompleteddistance=\dimen295
\pgfdecoratedinputsegmentremainingdistance=\dimen296
\pgf@decorate@distancetomove=\dimen297
\pgf@decorate@repeatstate=\count361
\pgfdecorationsegmentamplitude=\dimen298
\pgfdecorationsegmentlength=\dimen299
)
\tikz@lib@dec@box=\box99
)
(C:\Users\verci\AppData\Local\Programs\MiKTeX\tex/generic/pgf/frontendlayer/tik
z/libraries\tikzlibrarydecorations.pathmorphing.code.tex
(C:\Users\verci\AppData\Local\Programs\MiKTeX\tex/generic/pgf/libraries/decorat
ions\pgflibrarydecorations.pathmorphing.code.tex))
(C:\Users\verci\AppData\Local\Programs\MiKTeX\tex/generic/pgf/frontendlayer/tik
z/libraries\tikzlibrarydecorations.pathreplacing.code.tex
(C:\Users\verci\AppData\Local\Programs\MiKTeX\tex/generic/pgf/libraries/decorat
ions\pgflibrarydecorations.pathreplacing.code.tex))
(C:\Users\verci\AppData\Local\Programs\MiKTeX\tex/generic/pgfplots/libs\tikzlib
rarypgfplots.contourlua.code.tex)
\pgfplots@numplots=\count362
\pgfplots@xmin@reg=\dimen300
\pgfplots@xmax@reg=\dimen301
\pgfplots@ymin@reg=\dimen302
\pgfplots@ymax@reg=\dimen303
\pgfplots@zmin@reg=\dimen304
\pgfplots@zmax@reg=\dimen305
)
(C:\Users\verci\AppData\Local\Programs\MiKTeX\tex/generic/pgf/frontendlayer/tik
z/libraries\tikzlibraryplotmarks.code.tex
File: tikzlibraryplotmarks.code.tex 2023-01-15 v3.1.10 (3.1.10)

(C:\Users\verci\AppData\Local\Programs\MiKTeX\tex/generic/pgf/libraries\pgflibr
aryplotmarks.code.tex
File: pgflibraryplotmarks.code.tex 2023-01-15 v3.1.10 (3.1.10)
))) (C:\Users\verci\AppData\Local\Programs\MiKTeX\tex/latex/caption\subcaption.
sty
Package: subcaption 2023/07/28 v1.6b Sub-captions (AR)
(C:\Users\verci\AppData\Local\Programs\MiKTeX\tex/latex/caption\caption.sty
Package: caption 2023/08/05 v3.6o Customizing captions (AR)
(C:\Users\verci\AppData\Local\Programs\MiKTeX\tex/latex/caption\caption3.sty
Package: caption3 2023/07/31 v2.4d caption3 kernel (AR)
\caption@tempdima=\dimen306
\captionmargin=\dimen307
\caption@leftmargin=\dimen308
\caption@rightmargin=\dimen309
\caption@width=\dimen310
\caption@indent=\dimen311
\caption@parindent=\dimen312
\caption@hangindent=\dimen313
Package caption Info: Standard document class detected.
)
\c@caption@flags=\count363
\c@continuedfloat=\count364
Package caption Info: float package is loaded.
Package caption Info: listings package is loaded.
)
Package caption Info: New subtype `subfigure' on input line 238.
\c@subfigure=\count365
Package caption Info: New subtype `subtable' on input line 238.
\c@subtable=\count366
) (C:\Users\verci\AppData\Local\Programs\MiKTeX\tex/latex/booktabs\booktabs.sty
Package: booktabs 2020/01/12 v1.61803398 Publication quality tables
\heavyrulewidth=\dimen314
\lightrulewidth=\dimen315
\cmidrulewidth=\dimen316
\belowrulesep=\dimen317
\belowbottomsep=\dimen318
\aboverulesep=\dimen319
\abovetopsep=\dimen320
\cmidrulesep=\dimen321
\cmidrulekern=\dimen322
\defaultaddspace=\dimen323
\@cmidla=\count367
\@cmidlb=\count368
\@aboverulesep=\dimen324
\@belowrulesep=\dimen325
\@thisruleclass=\count369
\@lastruleclass=\count370
\@thisrulewidth=\dimen326
) (C:\Users\verci\AppData\Local\Programs\MiKTeX\tex/latex/tools\multicol.sty
Package: multicol 2023/03/30 v1.9f multicolumn formatting (FMi)
\c@tracingmulticols=\count371
\mult@box=\box100
\multicol@leftmargin=\dimen327
\c@unbalance=\count372
\c@collectmore=\count373
\doublecol@number=\count374
\multicoltolerance=\count375
\multicolpretolerance=\count376
\full@width=\dimen328
\page@free=\dimen329
\premulticols=\dimen330
\postmulticols=\dimen331
\multicolsep=\skip130
\multicolbaselineskip=\skip131
\partial@page=\box101
\last@line=\box102
\mc@boxedresult=\box103
\maxbalancingoverflow=\dimen332
\mult@rightbox=\box104
\mult@grightbox=\box105
\mult@firstbox=\box106
\mult@gfirstbox=\box107
\@tempa=\box108
\@tempa=\box109
\@tempa=\box110
\@tempa=\box111
\@tempa=\box112
\@tempa=\box113
\@tempa=\box114
\@tempa=\box115
\@tempa=\box116
\@tempa=\box117
\@tempa=\box118
\@tempa=\box119
\@tempa=\box120
\@tempa=\box121
\@tempa=\box122
\@tempa=\box123
\@tempa=\box124
\@tempa=\box125
\@tempa=\box126
\@tempa=\box127
\@tempa=\box128
\@tempa=\box129
\@tempa=\box130
\@tempa=\box131
\@tempa=\box132
\@tempa=\box133
\@tempa=\box134
\@tempa=\box135
\@tempa=\box136
\@tempa=\box137
\@tempa=\box138
\@tempa=\box139
\@tempa=\box140
\@tempa=\box141
\@tempa=\box142
\@tempa=\box143
\c@minrows=\count377
\c@columnbadness=\count378
\c@finalcolumnbadness=\count379
\last@try=\dimen333
\multicolovershoot=\dimen334
\multicolundershoot=\dimen335
\mult@nat@firstbox=\box144
\colbreak@box=\box145
\mc@col@check@num=\count380
) (C:\Users\verci\AppData\Local\Programs\MiKTeX\tex/latex/chemfig\chemfig.sty (
C:\Users\verci\AppData\Local\Programs\MiKTeX\tex/generic/chemfig\chemfig.tex
(C:\Users\verci\AppData\Local\Programs\MiKTeX\tex/generic/simplekv\simplekv.tex
Package: simplekv 2023/10/02 v0.2c Simple keyval package (CT)
)
(C:\Users\verci\AppData\Local\Programs\MiKTeX\tex/generic/pgf/libraries\pgflibr
aryarrows.meta.code.tex
File: pgflibraryarrows.meta.code.tex 2023-01-15 v3.1.10 (3.1.10)
\pgfarrowinset=\dimen336
\pgfarrowlength=\dimen337
\pgfarrowwidth=\dimen338
\pgfarrowlinewidth=\dimen339
)
\CF_cnt_atomgroup=\count381
\CF_cnt_group=\count382
\CF_cnt_atom=\count383
\CF_cnt_cycle=\count384
\CF_cnt_cyclebonds=\count385
\CF_cnt_compound=\count386
\CF_dim=\dimen340
\CF_turnangle=\dimen341
\CF_arrowsize=\dimen342
\CF_zero=\dimen343
\CF_box=\box146
\CF_boxstuff=\box147
\CF_testbox=\box148
\CF_chargebox=\box149
\CF_substtoks=\toks70
)
Package: chemfig 2023/12/28 v1.66 Draw molecule with an easy syntax (CT)
) (C:\Users\verci\AppData\Local\Programs\MiKTeX\tex/latex/mhchem\mhchem.sty
Package: mhchem 2024/01/29 v4.10 for typesetting chemical formulae

(C:\Users\verci\AppData\Local\Programs\MiKTeX\tex/latex/l3packages/l3keys2e\l3k
eys2e.sty
Package: l3keys2e 2023-10-10 LaTeX2e option processing using LaTeX3 keys
)
(C:\Users\verci\AppData\Local\Programs\MiKTeX\tex/latex/chemgreek\chemgreek.sty
Package: chemgreek 2020/01/16 v1.1a interface for upright Greek letters for use
 in chemistry (CN)
\l__chemgreek_tmpa_int=\count387
\g__chemgreek_tmpa_int=\count388
)
\l__mhchem_ce_distanceFromLastComma_int=\count389
\__mhchem_arrow_extPgfLength_skip=\skip132
\mhchem@minispace@tmp=\skip133
\mhchem@minibackspace@tmp=\skip134
\mhchem@bondwidth=\skip135
\mhchem@bondheight=\skip136
\mhchem@smallbondwidth@tmpA=\skip137
\mhchem@smallbondwidth@tmpB=\skip138
\mhchem@smallbondwidth=\skip139
\mhchem@bondtmp@minussidebearingleft=\skip140
\mhchem@bondtmp@minussidebearingright=\skip141
\l__mhchem_option_version_int=\count390
\mhchem@option@minusmathsidebearingleft=\dimen344
\mhchem@option@minusmathsidebearingright=\dimen345
\mhchem@option@minustextsidebearingleft=\dimen346
\mhchem@option@minustextsidebearingright=\dimen347
)
(C:\Users\verci\AppData\Local\Programs\MiKTeX\tex/latex/circuitikz\circuitikz.s
ty
Package: circuitikz 2024/02/09{} The CircuiTikz circuit drawing package version
 1.6.7

(C:\Users\verci\AppData\Local\Programs\MiKTeX\tex/generic/pgf/frontendlayer/tik
z/libraries\tikzlibrarycalc.code.tex
File: tikzlibrarycalc.code.tex 2023-01-15 v3.1.10 (3.1.10)
)
(C:\Users\verci\AppData\Local\Programs\MiKTeX\tex/generic/pgf/frontendlayer/tik
z/libraries\tikzlibrarybending.code.tex
File: tikzlibrarybending.code.tex 2023-01-15 v3.1.10 (3.1.10)

(C:\Users\verci\AppData\Local\Programs\MiKTeX\tex/generic/pgf/modules\pgfmodule
bending.code.tex
File: pgfmodulebending.code.tex 2023-01-15 v3.1.10 (3.1.10)

(C:\Users\verci\AppData\Local\Programs\MiKTeX\tex/generic/pgf/modules\pgfmodule
nonlineartransformations.code.tex
File: pgfmodulenonlineartransformations.code.tex 2023-01-15 v3.1.10 (3.1.10)
\pgftransformnonlinearflatness=\dimen348
)
(C:\Users\verci\AppData\Local\Programs\MiKTeX\tex/generic/pgf/libraries\pgflibr
arycurvilinear.code.tex
File: pgflibrarycurvilinear.code.tex 2023-01-15 v3.1.10 (3.1.10)
\pgf@curvilinear@time@a=\dimen349
\pgf@curvilinear@length@a=\dimen350
\pgf@curvilinear@length@b=\dimen351
\pgf@curvilinear@length@c=\dimen352
\pgf@curvilinear@length@d=\dimen353
)
\pgf@arrows@the@rigidity=\dimen354
))
(C:\Users\verci\AppData\Local\Programs\MiKTeX\tex/generic/pgf/frontendlayer/tik
z/libraries\tikzlibraryfpu.code.tex)
(C:\Users\verci\AppData\Local\Programs\MiKTeX\tex/generic/circuitikz\pgfcirc.de
fines.tex
\pgf@circ@count@a=\count391
\pgf@circ@count@b=\count392
\pgf@circ@count@c=\count393
\pgf@circ@res@up=\dimen355
\pgf@circ@res@down=\dimen356
\pgf@circ@res@zero=\dimen357
\pgf@circ@res@left=\dimen358
\pgf@circ@res@right=\dimen359
\pgf@circ@res@other=\dimen360
\pgf@circ@res@step=\dimen361
\pgf@circ@res@temp=\dimen362
\pgf@circ@Rlen=\dimen363
\pgf@circ@scaled@Rlen=\dimen364
\pgfstartlinewidth=\dimen365
)
(C:\Users\verci\AppData\Local\Programs\MiKTeX\tex/generic/circuitikz\pgfcircuti
ls.tex
\ctikz@scratchbox=\box150
)
(C:\Users\verci\AppData\Local\Programs\MiKTeX\tex/generic/circuitikz\pgfcircpat
h.tex)
(C:\Users\verci\AppData\Local\Programs\MiKTeX\tex/generic/circuitikz\pgfcircsha
pes.tex)
(C:\Users\verci\AppData\Local\Programs\MiKTeX\tex/generic/circuitikz\pgfcircmon
opoles.tex)
(C:\Users\verci\AppData\Local\Programs\MiKTeX\tex/generic/circuitikz\pgfcircbip
oles.tex)
(C:\Users\verci\AppData\Local\Programs\MiKTeX\tex/generic/circuitikz\pgfcirctri
poles.tex
\pgf@circ@res@count=\count394
)
(C:\Users\verci\AppData\Local\Programs\MiKTeX\tex/generic/circuitikz\pgfcircqua
dpoles.tex)
(C:\Users\verci\AppData\Local\Programs\MiKTeX\tex/generic/circuitikz\pgfcircmul
tipoles.tex)
(C:\Users\verci\AppData\Local\Programs\MiKTeX\tex/generic/circuitikz\pgfcirclab
el.tex)
(C:\Users\verci\AppData\Local\Programs\MiKTeX\tex/generic/circuitikz\pgfcircvol
tage.tex
\pgfcirc@labelshift=\dimen366
)
(C:\Users\verci\AppData\Local\Programs\MiKTeX\tex/generic/circuitikz\pgfcirccur
rent.tex)
(C:\Users\verci\AppData\Local\Programs\MiKTeX\tex/generic/circuitikz\pgfcircflo
w.tex))
(C:\Users\verci\AppData\Local\Programs\MiKTeX\tex/latex/blindtext\blindtext.sty
Package: blindtext 2012/01/06 V2.0 blindtext-Package
(C:\Users\verci\AppData\Local\Programs\MiKTeX\tex/latex/tools\xspace.sty
Package: xspace 2014/10/28 v1.13 Space after command names (DPC,MH)
)
\c@blindtext=\count395
\c@Blindtext=\count396
\c@blind@countparstart=\count397
\blind@countxx=\count398
\blindtext@numBlindtext=\count399
\blind@countyy=\count400
\c@blindlist=\count401
\c@blindlistlevel=\count402
\c@blindlist@level=\count403
\blind@listitem=\count404
\c@blind@listcount=\count405
\c@blind@levelcount=\count406
\blind@mathformula=\count407
\blind@Mathformula=\count408
\c@blind@randomcount=\count409
\c@blind@randommax=\count410
\c@blind@pangramcount=\count411
\c@blind@pangrammax=\count412
) (C:\Users\verci\AppData\Local\Programs\MiKTeX\tex/latex/titlesec\titlesec.sty
Package: titlesec 2023/10/27 v2.16 Sectioning titles
\ttl@box=\box151
\beforetitleunit=\skip142
\aftertitleunit=\skip143
\ttl@plus=\dimen367
\ttl@minus=\dimen368
\ttl@toksa=\toks71
\titlewidth=\dimen369
\titlewidthlast=\dimen370
\titlewidthfirst=\dimen371
) (C:\Users\verci\AppData\Local\Programs\MiKTeX\tex/latex/fancyhdr\fancyhdr.sty
Package: fancyhdr 2022/11/09 v4.1 Extensive control of page headers and footers

\f@nch@headwidth=\skip144
\f@nch@O@elh=\skip145
\f@nch@O@erh=\skip146
\f@nch@O@olh=\skip147
\f@nch@O@orh=\skip148
\f@nch@O@elf=\skip149
\f@nch@O@erf=\skip150
\f@nch@O@olf=\skip151
\f@nch@O@orf=\skip152
) (C:\Users\verci\AppData\Local\Programs\MiKTeX\tex/latex/csquotes\csquotes.sty
Package: csquotes 2024-04-04 v5.2o context-sensitive quotations (JAW)
\csq@reset=\count413
\csq@gtype=\count414
\csq@glevel=\count415
\csq@qlevel=\count416
\csq@maxlvl=\count417
\csq@tshold=\count418
\csq@ltx@everypar=\toks72
(C:\Users\verci\AppData\Local\Programs\MiKTeX\tex/latex/csquotes\csquotes.def
File: csquotes.def 2024-04-04 v5.2o csquotes generic definitions (JAW)
)
Package csquotes Info: Trying to load configuration file 'csquotes.cfg'...
Package csquotes Info: ... configuration file loaded successfully.
(C:\Users\verci\AppData\Local\Programs\MiKTeX\tex/latex/csquotes\csquotes.cfg
File: csquotes.cfg 
)) (C:\Users\verci\AppData\Local\Programs\MiKTeX\tex/latex/hyperref\hyperref.st
y
Package: hyperref 2024-01-20 v7.01h Hypertext links for LaTeX
(C:\Users\verci\AppData\Local\Programs\MiKTeX\tex/latex/hycolor\hycolor.sty
Package: hycolor 2020-01-27 v1.10 Color options for hyperref/bookmark (HO)
) (C:\Users\verci\AppData\Local\Programs\MiKTeX\tex/latex/hyperref\nameref.sty
Package: nameref 2023-11-26 v2.56 Cross-referencing by name of section
(C:\Users\verci\AppData\Local\Programs\MiKTeX\tex/latex/refcount\refcount.sty
Package: refcount 2019/12/15 v3.6 Data extraction from label references (HO)
)
(C:\Users\verci\AppData\Local\Programs\MiKTeX\tex/generic/gettitlestring\gettit
lestring.sty
Package: gettitlestring 2019/12/15 v1.6 Cleanup title references (HO)
)
\c@section@level=\count419
)
\@linkdim=\dimen372
\Hy@linkcounter=\count420
\Hy@pagecounter=\count421
(C:\Users\verci\AppData\Local\Programs\MiKTeX\tex/latex/hyperref\pd1enc.def
File: pd1enc.def 2024-01-20 v7.01h Hyperref: PDFDocEncoding definition (HO)
Now handling font encoding PD1 ...
... no UTF-8 mapping file for font encoding PD1
) (C:\Users\verci\AppData\Local\Programs\MiKTeX\tex/generic/intcalc\intcalc.sty
Package: intcalc 2019/12/15 v1.3 Expandable calculations with integers (HO)
)
\Hy@SavedSpaceFactor=\count422
(C:\Users\verci\AppData\Local\Programs\MiKTeX\tex/latex/hyperref\puenc.def
File: puenc.def 2024-01-20 v7.01h Hyperref: PDF Unicode definition (HO)
Now handling font encoding PU ...
... no UTF-8 mapping file for font encoding PU
)
Package hyperref Info: Option `colorlinks' set `true' on input line 4062.
Package hyperref Info: Hyper figures OFF on input line 4179.
Package hyperref Info: Link nesting OFF on input line 4184.
Package hyperref Info: Hyper index ON on input line 4187.
Package hyperref Info: Plain pages OFF on input line 4194.
Package hyperref Info: Backreferencing OFF on input line 4199.
Package hyperref Info: Implicit mode ON; LaTeX internals redefined.
Package hyperref Info: Bookmarks ON on input line 4446.
\c@Hy@tempcnt=\count423
(C:\Users\verci\AppData\Local\Programs\MiKTeX\tex/latex/url\url.sty
\Urlmuskip=\muskip17
Package: url 2013/09/16  ver 3.4  Verb mode for urls, etc.
)
LaTeX Info: Redefining \url on input line 4784.
\XeTeXLinkMargin=\dimen373
(C:\Users\verci\AppData\Local\Programs\MiKTeX\tex/generic/bitset\bitset.sty
Package: bitset 2019/12/09 v1.3 Handle bit-vector datatype (HO)

(C:\Users\verci\AppData\Local\Programs\MiKTeX\tex/generic/bigintcalc\bigintcalc
.sty
Package: bigintcalc 2019/12/15 v1.5 Expandable calculations on big integers (HO
)
))
\Fld@menulength=\count424
\Field@Width=\dimen374
\Fld@charsize=\dimen375
Package hyperref Info: Hyper figures OFF on input line 6063.
Package hyperref Info: Link nesting OFF on input line 6068.
Package hyperref Info: Hyper index ON on input line 6071.
Package hyperref Info: backreferencing OFF on input line 6078.
Package hyperref Info: Link coloring ON on input line 6081.
Package hyperref Info: Link coloring with OCG OFF on input line 6088.
Package hyperref Info: PDF/A mode OFF on input line 6093.
(C:\Users\verci\AppData\Local\Programs\MiKTeX\tex/latex/base\atbegshi-ltx.sty
Package: atbegshi-ltx 2021/01/10 v1.0c Emulation of the original atbegshi
package with kernel methods
)
\Hy@abspage=\count425
\c@Item=\count426
\c@Hfootnote=\count427
)
Package hyperref Info: Driver (autodetected): hpdftex.
(C:\Users\verci\AppData\Local\Programs\MiKTeX\tex/latex/hyperref\hpdftex.def
File: hpdftex.def 2024-01-20 v7.01h Hyperref driver for pdfTeX
(C:\Users\verci\AppData\Local\Programs\MiKTeX\tex/latex/base\atveryend-ltx.sty
Package: atveryend-ltx 2020/08/19 v1.0a Emulation of the original atveryend pac
kage
with kernel methods
)
\HyAnn@Count=\count428
\Fld@listcount=\count429
\c@bookmark@seq@number=\count430

(C:\Users\verci\AppData\Local\Programs\MiKTeX\tex/latex/rerunfilecheck\rerunfil
echeck.sty
Package: rerunfilecheck 2022-07-10 v1.10 Rerun checks for auxiliary files (HO)

(C:\Users\verci\AppData\Local\Programs\MiKTeX\tex/generic/uniquecounter\uniquec
ounter.sty
Package: uniquecounter 2019/12/15 v1.4 Provide unlimited unique counter (HO)
)
Package uniquecounter Info: New unique counter `rerunfilecheck' on input line 2
85.
)
\Hy@SectionHShift=\skip153
) (C:\Users\verci\AppData\Local\Programs\MiKTeX\tex/latex/geometry\geometry.sty
Package: geometry 2020/01/02 v5.9 Page Geometry
(C:\Users\verci\AppData\Local\Programs\MiKTeX\tex/generic/iftex\ifvtex.sty
Package: ifvtex 2019/10/25 v1.7 ifvtex legacy package. Use iftex instead.
)
\Gm@cnth=\count431
\Gm@cntv=\count432
\c@Gm@tempcnt=\count433
\Gm@bindingoffset=\dimen376
\Gm@wd@mp=\dimen377
\Gm@odd@mp=\dimen378
\Gm@even@mp=\dimen379
\Gm@layoutwidth=\dimen380
\Gm@layoutheight=\dimen381
\Gm@layouthoffset=\dimen382
\Gm@layoutvoffset=\dimen383
\Gm@dimlist=\toks73
(C:\Users\verci\AppData\Local\Programs\MiKTeX\tex/latex/geometry\geometry.cfg))
(C:\Users\verci\AppData\Local\Programs\MiKTeX\tex/latex/braket\braket.sty) (C:\
Users\verci\AppData\Local\Programs\MiKTeX\tex/latex/physics\physics.sty
Package: physics 
) (C:\Users\verci\AppData\Local\Programs\MiKTeX\tex/latex/physics2\physics2.sty
Package: physics2 2024/01/10 v1.0.1 Tools for typesetting math for physics.
\phy@tempcnta=\count434
\phy@tempdima=\dimen384
\phy@tempdimb=\dimen385
\phy@tempskipa=\skip154
\phy@tempmuskipa=\muskip18
\phy@tempboxa=\box152
\phy@toksa=\toks74
\l__phy_tmpa_int=\count435
\l__phy_tmpb_int=\count436
) (C:\Users\verci\AppData\Local\Programs\MiKTeX\tex/latex/physics2\phy-ab.sty
File: phy-ab.sty 2023/10/24 `ab' (autobraces) module of physics2
)
(C:\Users\verci\AppData\Local\Programs\MiKTeX\tex/latex/physics2\phy-ab.legacy.
sty
File: phy-ab.legacy.sty 2023/10/24 `ab.legacy' module of physics2
)
(C:\Users\verci\AppData\Local\Programs\MiKTeX\tex/latex/physics2\phy-nabla.lega
cy.sty
File: phy-nabla.legacy.sty 2023/10/24 `nabla.legacy' module of physics2
(C:\Users\verci\AppData\Local\Programs\MiKTeX\tex/latex/fixdif\fixdif.sty
Package: fixdif 2023/03/20 Interface for defining differential operators.
))
(C:\Users\verci\AppData\Local\Programs\MiKTeX\tex/latex/physics2\phy-op.legacy.
sty
File: phy-op.legacy.sty 2023/10/24 `op.legacy' module of physics2
LaTeX Info: Redefining \asin on input line 39.
LaTeX Info: Redefining \acos on input line 40.
LaTeX Info: Redefining \atan on input line 41.
LaTeX Info: Redefining \acsc on input line 42.
LaTeX Info: Redefining \asec on input line 43.
LaTeX Info: Redefining \acot on input line 44.
LaTeX Info: Redefining \Tr on input line 45.
LaTeX Info: Redefining \tr on input line 46.
LaTeX Info: Redefining \rank on input line 47.
LaTeX Info: Redefining \erf on input line 48.
LaTeX Info: Redefining \Res on input line 49.
LaTeX Info: Redefining \PV on input line 51.
LaTeX Info: Redefining \pv on input line 52.
)
(C:\Users\verci\AppData\Local\Programs\MiKTeX\tex/latex/physics2\phy-diagmat.st
y
File: phy-diagmat.sty 2024/01/10 `diagmat' module of physics2
\l__phy_mat_dim_int=\count437
) (C:\Users\verci\AppData\Local\Programs\MiKTeX\tex/latex/physics2\phy-xmat.sty
File: phy-xmat.sty 2023/10/24 `xmat' module of physics2
\l__phy_xmat_showtop_int=\count438
\l__phy_xmat_showleft_int=\count439
)
(C:\Users\verci\AppData\Local\Programs\MiKTeX\tex/latex/physics2\phy-braket.sty
File: phy-braket.sty 2023/10/24 `braket' module of physics2
)
(C:\Users\verci\AppData\Local\Programs\MiKTeX\tex/latex/physics2\phy-ab.braket.
sty
File: phy-ab.braket.sty 2023/10/24 `ab.braket' module of physics2
LaTeX Info: Redefining \bra on input line 43.
LaTeX Info: Redefining \ket on input line 48.
LaTeX Info: Redefining \braket on input line 65.
LaTeX Info: Redefining \ketbra on input line 90.
)

! LaTeX Error: Command \pmat already defined.
               Or name \end... illegal, see p.192 of the manual.

See the LaTeX manual or LaTeX Companion for explanation.
Type  H <return>  for immediate help.
 ...                                              
                                                  
l.219 \newcommand{\pmat}[1]{\qty(\mqty{#1})}
                                            
Your command was ignored.
Type  I <command> <return>  to replace it with another command,
or  <return>  to continue without it.


! LaTeX Error: Command \dmat already defined.
               Or name \end... illegal, see p.192 of the manual.

See the LaTeX manual or LaTeX Companion for explanation.
Type  H <return>  for immediate help.
 ...                                              
                                                  
l.222 \newcommand{\dmat}[1]{\abs{\mqty{#1}}}
                                            
Your command was ignored.
Type  I <command> <return>  to replace it with another command,
or  <return>  to continue without it.

\c@subsubsubsection=\count440
(C:\Users\verci\AppData\Local\Programs\MiKTeX\tex/latex/listings\lstlang1.sty
File: lstlang1.sty 2023/02/27 1.9 listings language file
)) (preamble.tex
\originalparindent=\skip155
\originalparskip=\skip156
\c@definition=\count441
\c@example=\count442
\c@theorem=\count443
)
Package csquotes Info: Checking for multilingual support...
Package csquotes Info: ... found 'babel' package.
Package csquotes Info: Adjusting default style.
Package csquotes Info: Redefining alias 'default' -> 'english'.
LaTeX Font Info:    Trying to load font information for OT1+lmr on input line 6
.
(C:\Users\verci\AppData\Local\Programs\MiKTeX\tex/latex/lm\ot1lmr.fd
File: ot1lmr.fd 2015/05/01 v1.6.1 Font defs for Latin Modern
)
(C:\Users\verci\Documents\code\Class Notes - V\Physics 131\build\p131_notes.aux

LaTeX Warning: Label `fig:placeholder' multiply defined.


LaTeX Warning: Label `fig:placeholder' multiply defined.


LaTeX Warning: Label `fig:placeholder' multiply defined.

)
\openout1 = `p131_notes.aux'.

LaTeX Font Info:    Checking defaults for OML/cmm/m/it on input line 6.
LaTeX Font Info:    ... okay on input line 6.
LaTeX Font Info:    Checking defaults for OMS/cmsy/m/n on input line 6.
LaTeX Font Info:    ... okay on input line 6.
LaTeX Font Info:    Checking defaults for OT1/cmr/m/n on input line 6.
LaTeX Font Info:    ... okay on input line 6.
LaTeX Font Info:    Checking defaults for T1/cmr/m/n on input line 6.
LaTeX Font Info:    ... okay on input line 6.
LaTeX Font Info:    Checking defaults for TS1/cmr/m/n on input line 6.
LaTeX Font Info:    ... okay on input line 6.
LaTeX Font Info:    Checking defaults for OMX/cmex/m/n on input line 6.
LaTeX Font Info:    ... okay on input line 6.
LaTeX Font Info:    Checking defaults for U/cmr/m/n on input line 6.
LaTeX Font Info:    ... okay on input line 6.
LaTeX Font Info:    Checking defaults for PD1/pdf/m/n on input line 6.
LaTeX Font Info:    ... okay on input line 6.
LaTeX Font Info:    Checking defaults for PU/pdf/m/n on input line 6.
LaTeX Font Info:    ... okay on input line 6.

(C:\Users\verci\AppData\Local\Programs\MiKTeX\tex/context/base/mkii\supp-pdf.mk
ii
[Loading MPS to PDF converter (version 2006.09.02).]
\scratchcounter=\count444
\scratchdimen=\dimen386
\scratchbox=\box153
\nofMPsegments=\count445
\nofMParguments=\count446
\everyMPshowfont=\toks75
\MPscratchCnt=\count447
\MPscratchDim=\dimen387
\MPnumerator=\count448
\makeMPintoPDFobject=\count449
\everyMPtoPDFconversion=\toks76
)
(C:\Users\verci\AppData\Local\Programs\MiKTeX\tex/latex/epstopdf-pkg\epstopdf-b
ase.sty
Package: epstopdf-base 2020-01-24 v2.11 Base part for package epstopdf
Package epstopdf-base Info: Redefining graphics rule for `.eps' on input line 4
85.

(C:\Users\verci\AppData\Local\Programs\MiKTeX\tex/latex/00miktex\epstopdf-sys.c
fg
File: epstopdf-sys.cfg 2021/03/18 v2.0 Configuration of epstopdf for MiKTeX
))
\c@lstlisting=\count450

(C:\Users\verci\AppData\Local\Programs\MiKTeX\tex/latex/translations/dicts\tran
slations-basic-dictionary-english.trsl
File: translations-basic-dictionary-english.trsl (english translation file `tra
nslations-basic-dictionary')
)
Package translations Info: loading dictionary `translations-basic-dictionary' f
or `english'. on input line 6.
Package pgfplots notification 'compat/show suggested version=true': document ha
s been generated with the most recent feature set (\pgfplotsset{compat=1.18}).

Package caption Info: Begin \AtBeginDocument code.
Package caption Info: hyperref package is loaded.
Package caption Info: End \AtBeginDocument code.

Package chemgreek Info: Activating mapping `default' on line 6.

Package hyperref Info: Link coloring ON on input line 6.

(C:\Users\verci\Documents\code\Class Notes - V\Physics 131\build\p131_notes.out
)
(C:\Users\verci\Documents\code\Class Notes - V\Physics 131\build\p131_notes.out
)
\@outlinefile=\write4
\openout4 = `p131_notes.out'.

*geometry* driver: auto-detecting
*geometry* detected driver: pdftex
*geometry* verbose mode - [ preamble ] result:
* driver: pdftex
* paper: a4paper
* layout: <same size as paper>
* layoutoffset:(h,v)=(0.0pt,0.0pt)
* modes: 
* h-part:(L,W,R)=(72.26999pt, 452.9679pt, 72.26999pt)
* v-part:(T,H,B)=(72.26999pt, 700.50687pt, 72.26999pt)
* \paperwidth=597.50787pt
* \paperheight=845.04684pt
* \textwidth=452.9679pt
* \textheight=700.50687pt
* \oddsidemargin=0.0pt
* \evensidemargin=0.0pt
* \topmargin=-37.0pt
* \headheight=12.0pt
* \headsep=25.0pt
* \topskip=12.0pt
* \footskip=30.0pt
* \marginparwidth=49.79231pt
* \marginparsep=10.0pt
* \columnsep=10.0pt
* \skip\footins=10.8pt plus 4.0pt minus 2.0pt
* \hoffset=0.0pt
* \voffset=0.0pt
* \mag=1000
* \@twocolumnfalse
* \@twosidefalse
* \@mparswitchfalse
* \@reversemarginfalse
* (1in=72.27pt=25.4mm, 1cm=28.453pt)

LaTeX Info: Redefining \d on input line 6.
LaTeX Info: Redefining \partial on input line 6.
LaTeX Info: Redefining \grad on input line 6.
LaTeX Info: Redefining \div on input line 6.
LaTeX Info: Redefining \curl on input line 6.
LaTeX Info: Redefining \laplacian on input line 6.
LaTeX Info: Redefining \Re on input line 6.
LaTeX Info: Redefining \Im on input line 6.
(title.tex
<../covers/P131.pdf, id=142, 289.08pt x 289.08pt>
File: ../covers/P131.pdf Graphic file (type pdf)
<use ../covers/P131.pdf>
Package pdftex.def Info: ../covers/P131.pdf  used on input line 4.
(pdftex.def)             Requested size: 361.34999pt x 361.36674pt.
[1

{C:/Users/verci/AppData/Local/MiKTeX/fonts/map/pdftex/pdftex.map}{C:/Users/verc
i/AppData/Local/Programs/MiKTeX/fonts/enc/dvips/lm/lm-rm.enc}{C:/Users/verci/Ap
pData/Local/Programs/MiKTeX/fonts/enc/dvips/lm/lm-rmsc.enc} <../covers/P131.pdf
>]) (signi.tex
LaTeX Font Info:    Trying to load font information for OML+lmm on input line 3
.
(C:\Users\verci\AppData\Local\Programs\MiKTeX\tex/latex/lm\omllmm.fd
File: omllmm.fd 2015/05/01 v1.6.1 Font defs for Latin Modern
)
LaTeX Font Info:    Trying to load font information for OMS+lmsy on input line 
3.
(C:\Users\verci\AppData\Local\Programs\MiKTeX\tex/latex/lm\omslmsy.fd
File: omslmsy.fd 2015/05/01 v1.6.1 Font defs for Latin Modern
)
LaTeX Font Info:    Trying to load font information for OMX+lmex on input line 
3.
(C:\Users\verci\AppData\Local\Programs\MiKTeX\tex/latex/lm\omxlmex.fd
File: omxlmex.fd 2015/05/01 v1.6.1 Font defs for Latin Modern
)
LaTeX Font Info:    External font `lmex10' loaded for size
(Font)              <20.74> on input line 3.
LaTeX Font Info:    External font `lmex10' loaded for size
(Font)              <14.4> on input line 3.
LaTeX Font Info:    External font `lmex10' loaded for size
(Font)              <12> on input line 3.
LaTeX Font Info:    Trying to load font information for U+msa on input line 3.
(C:\Users\verci\AppData\Local\Programs\MiKTeX\tex/latex/amsfonts\umsa.fd
File: umsa.fd 2013/01/14 v3.01 AMS symbols A
)
LaTeX Font Info:    Trying to load font information for U+msb on input line 3.
(C:\Users\verci\AppData\Local\Programs\MiKTeX\tex/latex/amsfonts\umsb.fd
File: umsb.fd 2013/01/14 v3.01 AMS symbols B
)
LaTeX Font Info:    Trying to load font information for U+esint on input line 3
.
(C:\Users\verci\AppData\Local\Programs\MiKTeX\tex/latex/esint\uesint.fd
File: uesint.fd 
)
LaTeX Font Info:    Trying to load font information for U+rsfs on input line 3.

(C:\Users\verci\AppData\Local\Programs\MiKTeX\tex/latex/jknappen\ursfs.fd
File: ursfs.fd 1998/03/24 rsfs font definition file (jk)
))
pdfTeX warning (ext4): destination with the same identifier (name{page.1}) has 
been already used, duplicate ignored
<to be read again> 
                   \relax 
l.10 	\newpage
               [1{C:/Users/verci/AppData/Local/Programs/MiKTeX/fonts/enc/dvips/
lm/lm-mathsy.enc}{C:/Users/verci/AppData/Local/Programs/MiKTeX/fonts/enc/dvips/
lm/lm-mathit.enc}] (toc.tex
(C:\Users\verci\Documents\code\Class Notes - V\Physics 131\build\p131_notes.toc
LaTeX Font Info:    External font `lmex10' loaded for size
(Font)              <8> on input line 3.
LaTeX Font Info:    External font `lmex10' loaded for size
(Font)              <6> on input line 3.
)
\tf@toc=\write5
\openout5 = `p131_notes.toc'.

[2]
(C:\Users\verci\Documents\code\Class Notes - V\Physics 131\build\p131_notes.lof
)
\tf@lof=\write6
\openout6 = `p131_notes.lof'.

) [3] (content/1_1.tex
! Undefined control sequence.
l.13             \vf
                    {v}=\bmat{v_1\\v_2\\v_3}\qquad \vf{v}^\top=\bparnmat{v_1...
The control sequence at the end of the top line
of your error message was never \def'ed. If you have
misspelled it (e.g., `\hobx'), type `I' and the correct
spelling (e.g., `I\hbox'). Otherwise just continue,
and I'll forget about whatever was undefined.

! Undefined control sequence.
l.13 ...     \vf{v}=\bmat{v_1\\v_2\\v_3}\qquad \vf
                                                  {v}^\top=\bparnmat{v_1&v_2...
The control sequence at the end of the top line
of your error message was never \def'ed. If you have
misspelled it (e.g., `\hobx'), type `I' and the correct
spelling (e.g., `I\hbox'). Otherwise just continue,
and I'll forget about whatever was undefined.

! Undefined control sequence.
l.13 ...v_1\\v_2\\v_3}\qquad \vf{v}^\top=\bparnmat
                                                  {v_1&v_2&v_3}
The control sequence at the end of the top line
of your error message was never \def'ed. If you have
misspelled it (e.g., `\hobx'), type `I' and the correct
spelling (e.g., `I\hbox'). Otherwise just continue,
and I'll forget about whatever was undefined.

! Misplaced alignment tab character &.
l.13 ...v_2\\v_3}\qquad \vf{v}^\top=\bparnmat{v_1&
                                                  v_2&v_3}
I can't figure out why you would want to use a tab mark
here. If you just want an ampersand, the remedy is
simple: Just type `I\&' now. But if some right brace
up above has ended a previous alignment prematurely,
you're probably due for more error messages, and you
might try typing `S' now just to see what is salvageable.

! Misplaced alignment tab character &.
l.13 ...\v_3}\qquad \vf{v}^\top=\bparnmat{v_1&v_2&
                                                  v_3}
I can't figure out why you would want to use a tab mark
here. If you just want an ampersand, the remedy is
simple: Just type `I\&' now. But if some right brace
up above has ended a previous alignment prematurely,
you're probably due for more error messages, and you
might try typing `S' now just to see what is salvageable.

! Undefined control sequence.
l.17             \vf
                    {r}=\bmat{x\\y\\z}
The control sequence at the end of the top line
of your error message was never \def'ed. If you have
misspelled it (e.g., `\hobx'), type `I' and the correct
spelling (e.g., `I\hbox'). Otherwise just continue,
and I'll forget about whatever was undefined.

[4

{C:/Users/verci/AppData/Local/Programs/MiKTeX/fonts/enc/dvips/lm/lm-mathex.enc}
]
! Undefined control sequence.
<recently read> \vf 
                    
l.30 ...all it's elements with one expression $\vf
                                                  {v}=v_i$, where the index ...
The control sequence at the end of the top line
of your error message was never \def'ed. If you have
misspelled it (e.g., `\hobx'), type `I' and the correct
spelling (e.g., `I\hbox'). Otherwise just continue,
and I'll forget about whatever was undefined.

! Undefined control sequence.
l.32                     a\vf
                             {v}=\bmat{a v_1\\av_2\\av_3}=av_i
The control sequence at the end of the top line
of your error message was never \def'ed. If you have
misspelled it (e.g., `\hobx'), type `I' and the correct
spelling (e.g., `I\hbox'). Otherwise just continue,
and I'll forget about whatever was undefined.

! Undefined control sequence.
<recently read> \vf 
                    
l.36 ...h vector. For example, given a vector $\vf
                                                  {v}=v_i$ and $\vf{u}=u_i$,...
The control sequence at the end of the top line
of your error message was never \def'ed. If you have
misspelled it (e.g., `\hobx'), type `I' and the correct
spelling (e.g., `I\hbox'). Otherwise just continue,
and I'll forget about whatever was undefined.

! Undefined control sequence.
<recently read> \vf 
                    
l.36 ...mple, given a vector $\vf{v}=v_i$ and $\vf
                                                  {u}=u_i$, their dot produc...
The control sequence at the end of the top line
of your error message was never \def'ed. If you have
misspelled it (e.g., `\hobx'), type `I' and the correct
spelling (e.g., `I\hbox'). Otherwise just continue,
and I'll forget about whatever was undefined.

! Undefined control sequence.
l.38                     \vf
                            {u}\cdot\vf{v} =
The control sequence at the end of the top line
of your error message was never \def'ed. If you have
misspelled it (e.g., `\hobx'), type `I' and the correct
spelling (e.g., `I\hbox'). Otherwise just continue,
and I'll forget about whatever was undefined.

! Undefined control sequence.
l.38                     \vf{u}\cdot\vf
                                       {v} =
The control sequence at the end of the top line
of your error message was never \def'ed. If you have
misspelled it (e.g., `\hobx'), type `I' and the correct
spelling (e.g., `I\hbox'). Otherwise just continue,
and I'll forget about whatever was undefined.

! Undefined control sequence.
l.43                     \vf
                            {u}\cdot\vf{v} = u_i v_i
The control sequence at the end of the top line
of your error message was never \def'ed. If you have
misspelled it (e.g., `\hobx'), type `I' and the correct
spelling (e.g., `I\hbox'). Otherwise just continue,
and I'll forget about whatever was undefined.

! Undefined control sequence.
l.43                     \vf{u}\cdot\vf
                                       {v} = u_i v_i
The control sequence at the end of the top line
of your error message was never \def'ed. If you have
misspelled it (e.g., `\hobx'), type `I' and the correct
spelling (e.g., `I\hbox'). Otherwise just continue,
and I'll forget about whatever was undefined.

! Undefined control sequence.
l.54                     \vf
                            {v} = \bmat{v_1\\v_2\\v_3} = v_1\ihat + v_2\jhat...
The control sequence at the end of the top line
of your error message was never \def'ed. If you have
misspelled it (e.g., `\hobx'), type `I' and the correct
spelling (e.g., `I\hbox'). Otherwise just continue,
and I'll forget about whatever was undefined.

! Undefined control sequence.
l.58                     \vf
                            {u}\times\vf{v} =
The control sequence at the end of the top line
of your error message was never \def'ed. If you have
misspelled it (e.g., `\hobx'), type `I' and the correct
spelling (e.g., `I\hbox'). Otherwise just continue,
and I'll forget about whatever was undefined.

! Undefined control sequence.
l.58                     \vf{u}\times\vf
                                        {v} =
The control sequence at the end of the top line
of your error message was never \def'ed. If you have
misspelled it (e.g., `\hobx'), type `I' and the correct
spelling (e.g., `I\hbox'). Otherwise just continue,
and I'll forget about whatever was undefined.

[5]
! Undefined control sequence.
l.83                     \vf
                            {u}\cdot\vf{v} = \delta_{ij}u_iv_j
The control sequence at the end of the top line
of your error message was never \def'ed. If you have
misspelled it (e.g., `\hobx'), type `I' and the correct
spelling (e.g., `I\hbox'). Otherwise just continue,
and I'll forget about whatever was undefined.

! Undefined control sequence.
l.83                     \vf{u}\cdot\vf
                                       {v} = \delta_{ij}u_iv_j
The control sequence at the end of the top line
of your error message was never \def'ed. If you have
misspelled it (e.g., `\hobx'), type `I' and the correct
spelling (e.g., `I\hbox'). Otherwise just continue,
and I'll forget about whatever was undefined.

! Undefined control sequence.
l.86                     [\vf
                              u \times \vf v]_k = \epsilon_{ijk}  u_i v_j
The control sequence at the end of the top line
of your error message was never \def'ed. If you have
misspelled it (e.g., `\hobx'), type `I' and the correct
spelling (e.g., `I\hbox'). Otherwise just continue,
and I'll forget about whatever was undefined.

! Undefined control sequence.
l.86                     [\vf u \times \vf
                                           v]_k = \epsilon_{ijk}  u_i v_j
The control sequence at the end of the top line
of your error message was never \def'ed. If you have
misspelled it (e.g., `\hobx'), type `I' and the correct
spelling (e.g., `I\hbox'). Otherwise just continue,
and I'll forget about whatever was undefined.

! Undefined control sequence.
<argument> \phy@abopen \Vert \vf 
                                 v\phy@abclose \Vert 
l.92                     \norm{\vf v}
                                      = \sqrt{\vf{v}^2}=\sqrt{\vf v \cdot \v...
The control sequence at the end of the top line
of your error message was never \def'ed. If you have
misspelled it (e.g., `\hobx'), type `I' and the correct
spelling (e.g., `I\hbox'). Otherwise just continue,
and I'll forget about whatever was undefined.

! Undefined control sequence.
l.92                     \norm{\vf v} = \sqrt{\vf
                                                 {v}^2}=\sqrt{\vf v \cdot \v...
The control sequence at the end of the top line
of your error message was never \def'ed. If you have
misspelled it (e.g., `\hobx'), type `I' and the correct
spelling (e.g., `I\hbox'). Otherwise just continue,
and I'll forget about whatever was undefined.

! Undefined control sequence.
l.92 ...  \norm{\vf v} = \sqrt{\vf{v}^2}=\sqrt{\vf
                                                   v \cdot \vf v}
The control sequence at the end of the top line
of your error message was never \def'ed. If you have
misspelled it (e.g., `\hobx'), type `I' and the correct
spelling (e.g., `I\hbox'). Otherwise just continue,
and I'll forget about whatever was undefined.

! Undefined control sequence.
l.92 ...v} = \sqrt{\vf{v}^2}=\sqrt{\vf v \cdot \vf
                                                   v}
The control sequence at the end of the top line
of your error message was never \def'ed. If you have
misspelled it (e.g., `\hobx'), type `I' and the correct
spelling (e.g., `I\hbox'). Otherwise just continue,
and I'll forget about whatever was undefined.

! Undefined control sequence.
<recently read> \vf 
                    
l.94 ...or to be its dot product with itself. $\vf
                                                   v^2 = \vf v $
The control sequence at the end of the top line
of your error message was never \def'ed. If you have
misspelled it (e.g., `\hobx'), type `I' and the correct
spelling (e.g., `I\hbox'). Otherwise just continue,
and I'll forget about whatever was undefined.

! Undefined control sequence.
l.94 ...ts dot product with itself. $\vf v^2 = \vf
                                                   v $
The control sequence at the end of the top line
of your error message was never \def'ed. If you have
misspelled it (e.g., `\hobx'), type `I' and the correct
spelling (e.g., `I\hbox'). Otherwise just continue,
and I'll forget about whatever was undefined.

! Undefined control sequence.
<recently read> \vf 
                    
l.98             Let $\vf
                         {u}$,$\vf{v}$ and $\vf{w}$ be vectors in $\mathbb{V...
The control sequence at the end of the top line
of your error message was never \def'ed. If you have
misspelled it (e.g., `\hobx'), type `I' and the correct
spelling (e.g., `I\hbox'). Otherwise just continue,
and I'll forget about whatever was undefined.

! Undefined control sequence.
<recently read> \vf 
                    
l.98             Let $\vf{u}$,$\vf
                                  {v}$ and $\vf{w}$ be vectors in $\mathbb{V...
The control sequence at the end of the top line
of your error message was never \def'ed. If you have
misspelled it (e.g., `\hobx'), type `I' and the correct
spelling (e.g., `I\hbox'). Otherwise just continue,
and I'll forget about whatever was undefined.

! Undefined control sequence.
<recently read> \vf 
                    
l.98             Let $\vf{u}$,$\vf{v}$ and $\vf
                                               {w}$ be vectors in $\mathbb{V...
The control sequence at the end of the top line
of your error message was never \def'ed. If you have
misspelled it (e.g., `\hobx'), type `I' and the correct
spelling (e.g., `I\hbox'). Otherwise just continue,
and I'll forget about whatever was undefined.

! Undefined control sequence.
<recently read> \vf 
                    
l.107 ...       \item Closure under addition, $\vf
                                                  {u}+\vf{v}\in\bb{V}$
The control sequence at the end of the top line
of your error message was never \def'ed. If you have
misspelled it (e.g., `\hobx'), type `I' and the correct
spelling (e.g., `I\hbox'). Otherwise just continue,
and I'll forget about whatever was undefined.

! Undefined control sequence.
l.107 ...\item Closure under addition, $\vf{u}+\vf
                                                  {v}\in\bb{V}$
The control sequence at the end of the top line
of your error message was never \def'ed. If you have
misspelled it (e.g., `\hobx'), type `I' and the correct
spelling (e.g., `I\hbox'). Otherwise just continue,
and I'll forget about whatever was undefined.

! Undefined control sequence.
<recently read> \vf 
                    
l.108                 \item Commutativity, $\vf
                                               {u}+\vf{v}=\vf{v}+\vf{u}$
The control sequence at the end of the top line
of your error message was never \def'ed. If you have
misspelled it (e.g., `\hobx'), type `I' and the correct
spelling (e.g., `I\hbox'). Otherwise just continue,
and I'll forget about whatever was undefined.

! Undefined control sequence.
l.108 ...         \item Commutativity, $\vf{u}+\vf
                                                  {v}=\vf{v}+\vf{u}$
The control sequence at the end of the top line
of your error message was never \def'ed. If you have
misspelled it (e.g., `\hobx'), type `I' and the correct
spelling (e.g., `I\hbox'). Otherwise just continue,
and I'll forget about whatever was undefined.

! Undefined control sequence.
l.108 ...  \item Commutativity, $\vf{u}+\vf{v}=\vf
                                                  {v}+\vf{u}$
The control sequence at the end of the top line
of your error message was never \def'ed. If you have
misspelled it (e.g., `\hobx'), type `I' and the correct
spelling (e.g., `I\hbox'). Otherwise just continue,
and I'll forget about whatever was undefined.

! Undefined control sequence.
l.108 ... Commutativity, $\vf{u}+\vf{v}=\vf{v}+\vf
                                                  {u}$
The control sequence at the end of the top line
of your error message was never \def'ed. If you have
misspelled it (e.g., `\hobx'), type `I' and the correct
spelling (e.g., `I\hbox'). Otherwise just continue,
and I'll forget about whatever was undefined.

! Undefined control sequence.
l.109                 \item Associativity, $(\vf
                                                {u}+\vf{v})+\vf{w}=\vf{v}+(\...
The control sequence at the end of the top line
of your error message was never \def'ed. If you have
misspelled it (e.g., `\hobx'), type `I' and the correct
spelling (e.g., `I\hbox'). Otherwise just continue,
and I'll forget about whatever was undefined.

! Undefined control sequence.
l.109 ...        \item Associativity, $(\vf{u}+\vf
                                                  {v})+\vf{w}=\vf{v}+(\vf{u}...
The control sequence at the end of the top line
of your error message was never \def'ed. If you have
misspelled it (e.g., `\hobx'), type `I' and the correct
spelling (e.g., `I\hbox'). Otherwise just continue,
and I'll forget about whatever was undefined.

! Undefined control sequence.
l.109 ...\item Associativity, $(\vf{u}+\vf{v})+\vf
                                                  {w}=\vf{v}+(\vf{u}+\vf{w})$
The control sequence at the end of the top line
of your error message was never \def'ed. If you have
misspelled it (e.g., `\hobx'), type `I' and the correct
spelling (e.g., `I\hbox'). Otherwise just continue,
and I'll forget about whatever was undefined.

! Undefined control sequence.
l.109 ...ssociativity, $(\vf{u}+\vf{v})+\vf{w}=\vf
                                                  {v}+(\vf{u}+\vf{w})$
The control sequence at the end of the top line
of your error message was never \def'ed. If you have
misspelled it (e.g., `\hobx'), type `I' and the correct
spelling (e.g., `I\hbox'). Otherwise just continue,
and I'll forget about whatever was undefined.

! Undefined control sequence.
l.109 ...vity, $(\vf{u}+\vf{v})+\vf{w}=\vf{v}+(\vf
                                                  {u}+\vf{w})$
The control sequence at the end of the top line
of your error message was never \def'ed. If you have
misspelled it (e.g., `\hobx'), type `I' and the correct
spelling (e.g., `I\hbox'). Otherwise just continue,
and I'll forget about whatever was undefined.

! Undefined control sequence.
l.109 ...(\vf{u}+\vf{v})+\vf{w}=\vf{v}+(\vf{u}+\vf
                                                  {w})$
The control sequence at the end of the top line
of your error message was never \def'ed. If you have
misspelled it (e.g., `\hobx'), type `I' and the correct
spelling (e.g., `I\hbox'). Otherwise just continue,
and I'll forget about whatever was undefined.

! Undefined control sequence.
l.110 ...tity (zero vector $\hat{0})$, $\forall\vf
                                                  {v}\in\bb{V},\exists\hat{0...
The control sequence at the end of the top line
of your error message was never \def'ed. If you have
misspelled it (e.g., `\hobx'), type `I' and the correct
spelling (e.g., `I\hbox'). Otherwise just continue,
and I'll forget about whatever was undefined.

! Undefined control sequence.
l.110 ...f{v}\in\bb{V},\exists\hat{0}\in\bb{V}:\vf
                                                  {v}+\hat{0}=\vf{v}$
The control sequence at the end of the top line
of your error message was never \def'ed. If you have
misspelled it (e.g., `\hobx'), type `I' and the correct
spelling (e.g., `I\hbox'). Otherwise just continue,
and I'll forget about whatever was undefined.

! Undefined control sequence.
l.110 ...exists\hat{0}\in\bb{V}:\vf{v}+\hat{0}=\vf
                                                  {v}$
The control sequence at the end of the top line
of your error message was never \def'ed. If you have
misspelled it (e.g., `\hobx'), type `I' and the correct
spelling (e.g., `I\hbox'). Otherwise just continue,
and I'll forget about whatever was undefined.

! Undefined control sequence.
l.111 ...      \item Additive inverse, $\forall\vf
                                                  {v}\in\bb{V},\exists-\vf{v...
The control sequence at the end of the top line
of your error message was never \def'ed. If you have
misspelled it (e.g., `\hobx'), type `I' and the correct
spelling (e.g., `I\hbox'). Otherwise just continue,
and I'll forget about whatever was undefined.

! Undefined control sequence.
l.111 ...erse, $\forall\vf{v}\in\bb{V},\exists-\vf
                                                  {v}\in\bb{V}:\vf{v}+(-\vf{...
The control sequence at the end of the top line
of your error message was never \def'ed. If you have
misspelled it (e.g., `\hobx'), type `I' and the correct
spelling (e.g., `I\hbox'). Otherwise just continue,
and I'll forget about whatever was undefined.

! Undefined control sequence.
l.111 ...f{v}\in\bb{V},\exists-\vf{v}\in\bb{V}:\vf
                                                  {v}+(-\vf{v})=\hat{0}$
The control sequence at the end of the top line
of your error message was never \def'ed. If you have
misspelled it (e.g., `\hobx'), type `I' and the correct
spelling (e.g., `I\hbox'). Otherwise just continue,
and I'll forget about whatever was undefined.

! Undefined control sequence.
l.111 ...b{V},\exists-\vf{v}\in\bb{V}:\vf{v}+(-\vf
                                                  {v})=\hat{0}$
The control sequence at the end of the top line
of your error message was never \def'ed. If you have
misspelled it (e.g., `\hobx'), type `I' and the correct
spelling (e.g., `I\hbox'). Otherwise just continue,
and I'll forget about whatever was undefined.

! Undefined control sequence.
l.112 ...multiplication, $\forall a \in\R\land \vf
                                                  {v}\in\bb{V}, a\vf{v}\in\b...
The control sequence at the end of the top line
of your error message was never \def'ed. If you have
misspelled it (e.g., `\hobx'), type `I' and the correct
spelling (e.g., `I\hbox'). Otherwise just continue,
and I'll forget about whatever was undefined.

! Undefined control sequence.
l.112 ...forall a \in\R\land \vf{v}\in\bb{V}, a\vf
                                                  {v}\in\bb{V}$
The control sequence at the end of the top line
of your error message was never \def'ed. If you have
misspelled it (e.g., `\hobx'), type `I' and the correct
spelling (e.g., `I\hbox'). Otherwise just continue,
and I'll forget about whatever was undefined.

[6]
! Undefined control sequence.
l.113 ...tiplication under vector addition, $a(\vf
                                                  {u}+\vf{v})=a\vf{u}+a\vf{v}$
The control sequence at the end of the top line
of your error message was never \def'ed. If you have
misspelled it (e.g., `\hobx'), type `I' and the correct
spelling (e.g., `I\hbox'). Otherwise just continue,
and I'll forget about whatever was undefined.

! Undefined control sequence.
l.113 ...tion under vector addition, $a(\vf{u}+\vf
                                                  {v})=a\vf{u}+a\vf{v}$
The control sequence at the end of the top line
of your error message was never \def'ed. If you have
misspelled it (e.g., `\hobx'), type `I' and the correct
spelling (e.g., `I\hbox'). Otherwise just continue,
and I'll forget about whatever was undefined.

! Undefined control sequence.
l.113 ...r vector addition, $a(\vf{u}+\vf{v})=a\vf
                                                  {u}+a\vf{v}$
The control sequence at the end of the top line
of your error message was never \def'ed. If you have
misspelled it (e.g., `\hobx'), type `I' and the correct
spelling (e.g., `I\hbox'). Otherwise just continue,
and I'll forget about whatever was undefined.

! Undefined control sequence.
l.113 ... addition, $a(\vf{u}+\vf{v})=a\vf{u}+a\vf
                                                  {v}$
The control sequence at the end of the top line
of your error message was never \def'ed. If you have
misspelled it (e.g., `\hobx'), type `I' and the correct
spelling (e.g., `I\hbox'). Otherwise just continue,
and I'll forget about whatever was undefined.

! Undefined control sequence.
l.114 ...lar addition, $\forall a,b\in\R, (a+b)\vf
                                                  {v}=a\vf{v}+b\vf{v}$
The control sequence at the end of the top line
of your error message was never \def'ed. If you have
misspelled it (e.g., `\hobx'), type `I' and the correct
spelling (e.g., `I\hbox'). Otherwise just continue,
and I'll forget about whatever was undefined.

! Undefined control sequence.
l.114 ...tion, $\forall a,b\in\R, (a+b)\vf{v}=a\vf
                                                  {v}+b\vf{v}$
The control sequence at the end of the top line
of your error message was never \def'ed. If you have
misspelled it (e.g., `\hobx'), type `I' and the correct
spelling (e.g., `I\hbox'). Otherwise just continue,
and I'll forget about whatever was undefined.

! Undefined control sequence.
l.114 ...forall a,b\in\R, (a+b)\vf{v}=a\vf{v}+b\vf
                                                  {v}$
The control sequence at the end of the top line
of your error message was never \def'ed. If you have
misspelled it (e.g., `\hobx'), type `I' and the correct
spelling (e.g., `I\hbox'). Otherwise just continue,
and I'll forget about whatever was undefined.

! Undefined control sequence.
l.115 ...ativity of scalar multiplication, $a(b\vf
                                                  {v})=(ab)\vf{v}$
The control sequence at the end of the top line
of your error message was never \def'ed. If you have
misspelled it (e.g., `\hobx'), type `I' and the correct
spelling (e.g., `I\hbox'). Otherwise just continue,
and I'll forget about whatever was undefined.

! Undefined control sequence.
l.115 ...calar multiplication, $a(b\vf{v})=(ab)\vf
                                                  {v}$
The control sequence at the end of the top line
of your error message was never \def'ed. If you have
misspelled it (e.g., `\hobx'), type `I' and the correct
spelling (e.g., `I\hbox'). Otherwise just continue,
and I'll forget about whatever was undefined.

! Undefined control sequence.
l.116 ... of multiplicative identity, $\forall \vf
                                                  {v}\in\bb{V},\exists1:1\cd...
The control sequence at the end of the top line
of your error message was never \def'ed. If you have
misspelled it (e.g., `\hobx'), type `I' and the correct
spelling (e.g., `I\hbox'). Otherwise just continue,
and I'll forget about whatever was undefined.

! Undefined control sequence.
l.116 ...orall \vf{v}\in\bb{V},\exists1:1\cdot \vf
                                                  {v}=\vf{v}$
The control sequence at the end of the top line
of your error message was never \def'ed. If you have
misspelled it (e.g., `\hobx'), type `I' and the correct
spelling (e.g., `I\hbox'). Otherwise just continue,
and I'll forget about whatever was undefined.

! Undefined control sequence.
l.116 ...vf{v}\in\bb{V},\exists1:1\cdot \vf{v}=\vf
                                                  {v}$
The control sequence at the end of the top line
of your error message was never \def'ed. If you have
misspelled it (e.g., `\hobx'), type `I' and the correct
spelling (e.g., `I\hbox'). Otherwise just continue,
and I'll forget about whatever was undefined.

! Undefined control sequence.
<argument> d\vf 
                v
l.121 				\frac{d\vf v}{dt}
                            = \bmat{
The control sequence at the end of the top line
of your error message was never \def'ed. If you have
misspelled it (e.g., `\hobx'), type `I' and the correct
spelling (e.g., `I\hbox'). Otherwise just continue,
and I'll forget about whatever was undefined.

! Undefined control sequence.
<argument> \begin {matrix} \ddrac 
                                  {dv_1}{dt}\\[10pt] \ddrac {dv_2}{dt}\\[10p...
l.125 				=
           \dif{v_i}{t}
The control sequence at the end of the top line
of your error message was never \def'ed. If you have
misspelled it (e.g., `\hobx'), type `I' and the correct
spelling (e.g., `I\hbox'). Otherwise just continue,
and I'll forget about whatever was undefined.

! Undefined control sequence.
<argument> ...x} \ddrac {dv_1}{dt}\\[10pt] \ddrac 
                                                  {dv_2}{dt}\\[10pt] \ddrac ...
l.125 				=
           \dif{v_i}{t}
The control sequence at the end of the top line
of your error message was never \def'ed. If you have
misspelled it (e.g., `\hobx'), type `I' and the correct
spelling (e.g., `I\hbox'). Otherwise just continue,
and I'll forget about whatever was undefined.

! Undefined control sequence.
<argument> ...t] \ddrac {dv_2}{dt}\\[10pt] \ddrac 
                                                  {dv_3}{dt}\end {matrix} \I...
l.125 				=
           \dif{v_i}{t}
The control sequence at the end of the top line
of your error message was never \def'ed. If you have
misspelled it (e.g., `\hobx'), type `I' and the correct
spelling (e.g., `I\hbox'). Otherwise just continue,
and I'll forget about whatever was undefined.

! Undefined control sequence.
l.125 				=\dif
               {v_i}{t}
The control sequence at the end of the top line
of your error message was never \def'ed. If you have
misspelled it (e.g., `\hobx'), type `I' and the correct
spelling (e.g., `I\hbox'). Otherwise just continue,
and I'll forget about whatever was undefined.

! Undefined control sequence.
l.129 				\int \vf
                   v \dd t = \bmat{\int v_1 \df t\\[8pt]  \int v_2 \df t\\[8...
The control sequence at the end of the top line
of your error message was never \def'ed. If you have
misspelled it (e.g., `\hobx'), type `I' and the correct
spelling (e.g., `I\hbox'). Otherwise just continue,
and I'll forget about whatever was undefined.

! Undefined control sequence.
<argument> \begin {matrix}\int v_1 \df 
                                       t\\[8pt] \int v_2 \df t\\[8pt] \int v...
l.129 ...  \int v_2 \df t\\[8pt] \int v_3 \df t} =
                                                    \int v_i \df  t
The control sequence at the end of the top line
of your error message was never \def'ed. If you have
misspelled it (e.g., `\hobx'), type `I' and the correct
spelling (e.g., `I\hbox'). Otherwise just continue,
and I'll forget about whatever was undefined.

! Undefined control sequence.
<argument> ...}\int v_1 \df t\\[8pt] \int v_2 \df 
                                                  t\\[8pt] \int v_3 \df t\en...
l.129 ...  \int v_2 \df t\\[8pt] \int v_3 \df t} =
                                                    \int v_i \df  t
The control sequence at the end of the top line
of your error message was never \def'ed. If you have
misspelled it (e.g., `\hobx'), type `I' and the correct
spelling (e.g., `I\hbox'). Otherwise just continue,
and I'll forget about whatever was undefined.

! Undefined control sequence.
<argument> ... \int v_2 \df t\\[8pt] \int v_3 \df 
                                                  t\end {matrix} \IfNoValueT...
l.129 ...  \int v_2 \df t\\[8pt] \int v_3 \df t} =
                                                    \int v_i \df  t
The control sequence at the end of the top line
of your error message was never \def'ed. If you have
misspelled it (e.g., `\hobx'), type `I' and the correct
spelling (e.g., `I\hbox'). Otherwise just continue,
and I'll forget about whatever was undefined.

! Undefined control sequence.
l.129 ... t\\[8pt] \int v_3 \df t} =  \int v_i \df
                                                    t
The control sequence at the end of the top line
of your error message was never \def'ed. If you have
misspelled it (e.g., `\hobx'), type `I' and the correct
spelling (e.g., `I\hbox'). Otherwise just continue,
and I'll forget about whatever was undefined.

LaTeX Font Info:    Trying to load font information for TS1+lmr on input line 1
35.
(C:\Users\verci\AppData\Local\Programs\MiKTeX\tex/latex/lm\ts1lmr.fd
File: ts1lmr.fd 2015/05/01 v1.6.1 Font defs for Latin Modern
)

LaTeX Warning: File `scalarfield.png' not found on input line 143.


! Package pdftex.def Error: File `scalarfield.png' not found: using draft setti
ng.

See the pdftex.def package documentation for explanation.
Type  H <return>  for immediate help.
 ...                                              
                                                  
l.143             }
                   
Try typing  <return>  to proceed.
If that doesn't work, type  X <return>  to quit.

LaTeX Font Info:    Trying to load font information for OT1+lmtt on input line 
143.
(C:\Users\verci\AppData\Local\Programs\MiKTeX\tex/latex/lm\ot1lmtt.fd
File: ot1lmtt.fd 2015/05/01 v1.6.1 Font defs for Latin Modern
)

LaTeX Warning: File `vectorfield.png' not found on input line 148.


! Package pdftex.def Error: File `vectorfield.png' not found: using draft setti
ng.

See the pdftex.def package documentation for explanation.
Type  H <return>  for immediate help.
 ...                                              
                                                  
l.148             }
                   
Try typing  <return>  to proceed.
If that doesn't work, type  X <return>  to quit.

[7{C:/Users/verci/AppData/Local/Programs/MiKTeX/fonts/enc/dvips/lm/lm-ts1.enc}]
! Undefined control sequence.
l.155             \nabla = \pd
                              {}{x}\ihat + \pd{}{y}\jhat + \pd{}{z}\khat = \...
The control sequence at the end of the top line
of your error message was never \def'ed. If you have
misspelled it (e.g., `\hobx'), type `I' and the correct
spelling (e.g., `I\hbox'). Otherwise just continue,
and I'll forget about whatever was undefined.

! Undefined control sequence.
l.155             \nabla = \pd{}{x}\ihat + \pd
                                              {}{y}\jhat + \pd{}{z}\khat = \...
The control sequence at the end of the top line
of your error message was never \def'ed. If you have
misspelled it (e.g., `\hobx'), type `I' and the correct
spelling (e.g., `I\hbox'). Otherwise just continue,
and I'll forget about whatever was undefined.

! Undefined control sequence.
l.155 ...bla = \pd{}{x}\ihat + \pd{}{y}\jhat + \pd
                                                  {}{z}\khat = \bmat{\pd{}{x...
The control sequence at the end of the top line
of your error message was never \def'ed. If you have
misspelled it (e.g., `\hobx'), type `I' and the correct
spelling (e.g., `I\hbox'). Otherwise just continue,
and I'll forget about whatever was undefined.

! Undefined control sequence.
<argument> \begin {matrix}\pd 
                              {}{x}\\[4pt]\pd {}{y}\\[4pt]\pd {}{z}\end {mat...
l.156         \end
                  {equation}
The control sequence at the end of the top line
of your error message was never \def'ed. If you have
misspelled it (e.g., `\hobx'), type `I' and the correct
spelling (e.g., `I\hbox'). Otherwise just continue,
and I'll forget about whatever was undefined.

! Undefined control sequence.
<argument> \begin {matrix}\pd {}{x}\\[4pt]\pd 
                                              {}{y}\\[4pt]\pd {}{z}\end {mat...
l.156         \end
                  {equation}
The control sequence at the end of the top line
of your error message was never \def'ed. If you have
misspelled it (e.g., `\hobx'), type `I' and the correct
spelling (e.g., `I\hbox'). Otherwise just continue,
and I'll forget about whatever was undefined.

! Undefined control sequence.
<argument> ...\pd {}{x}\\[4pt]\pd {}{y}\\[4pt]\pd 
                                                  {}{z}\end {matrix} \IfNoVa...
l.156         \end
                  {equation}
The control sequence at the end of the top line
of your error message was never \def'ed. If you have
misspelled it (e.g., `\hobx'), type `I' and the correct
spelling (e.g., `I\hbox'). Otherwise just continue,
and I'll forget about whatever was undefined.

! Undefined control sequence.
l.157 ...we can represent it as $\displaystyle \pd
                                                  {}{x_i}$, where $x_i$ is t...
The control sequence at the end of the top line
of your error message was never \def'ed. If you have
misspelled it (e.g., `\hobx'), type `I' and the correct
spelling (e.g., `I\hbox'). Otherwise just continue,
and I'll forget about whatever was undefined.

! Undefined control sequence.
l.172                 \ddrac
                            {\partial \phi}{\partial x}\\[4pt]
The control sequence at the end of the top line
of your error message was never \def'ed. If you have
misspelled it (e.g., `\hobx'), type `I' and the correct
spelling (e.g., `I\hbox'). Otherwise just continue,
and I'll forget about whatever was undefined.

! Undefined control sequence.
l.173                 \ddrac
                            {\partial \phi}{\partial y}\\[4pt]
The control sequence at the end of the top line
of your error message was never \def'ed. If you have
misspelled it (e.g., `\hobx'), type `I' and the correct
spelling (e.g., `I\hbox'). Otherwise just continue,
and I'll forget about whatever was undefined.

! Undefined control sequence.
l.174                 \ddrac
                            {\partial \phi}{\partial z}
The control sequence at the end of the top line
of your error message was never \def'ed. If you have
misspelled it (e.g., `\hobx'), type `I' and the correct
spelling (e.g., `I\hbox'). Otherwise just continue,
and I'll forget about whatever was undefined.

[8{C:/Users/verci/AppData/Local/Programs/MiKTeX/fonts/enc/dvips/lm/lm-rmtt.enc}
]

LaTeX Warning: File `gradient.png' not found on input line 186.


! Package pdftex.def Error: File `gradient.png' not found: using draft setting.


See the pdftex.def package documentation for explanation.
Type  H <return>  for immediate help.
 ...                                              
                                                  
l.186 ...\includegraphics[width=6in]{gradient.png}
                                                  
Try typing  <return>  to proceed.
If that doesn't work, type  X <return>  to quit.

[9]

LaTeX Warning: File `divergence.png' not found on input line 209.


! Package pdftex.def Error: File `divergence.png' not found: using draft settin
g.

See the pdftex.def package documentation for explanation.
Type  H <return>  for immediate help.
 ...                                              
                                                  
l.209 ...ncludegraphics[width=6in]{divergence.png}
                                                  
Try typing  <return>  to proceed.
If that doesn't work, type  X <return>  to quit.

[10]

LaTeX Warning: File `curl.png' not found on input line 234.


! Package pdftex.def Error: File `curl.png' not found: using draft setting.

See the pdftex.def package documentation for explanation.
Type  H <return>  for immediate help.
 ...                                              
                                                  
l.234 ...    \includegraphics[width=6in]{curl.png}
                                                  
Try typing  <return>  to proceed.
If that doesn't work, type  X <return>  to quit.

[11] [12]

LaTeX Warning: File `lpc.png' not found on input line 264.


! Package pdftex.def Error: File `lpc.png' not found: using draft setting.

See the pdftex.def package documentation for explanation.
Type  H <return>  for immediate help.
 ...                                              
                                                  
l.264 			\includegraphics[width=6in]{lpc.png}
                                             
Try typing  <return>  to proceed.
If that doesn't work, type  X <return>  to quit.

! Undefined control sequence.
<recently read> \vf 
                    
l.273 ...a parameterized vector path function $\vf
                                                   r(t)$ over scalar field $...
The control sequence at the end of the top line
of your error message was never \def'ed. If you have
misspelled it (e.g., `\hobx'), type `I' and the correct
spelling (e.g., `I\hbox'). Otherwise just continue,
and I'll forget about whatever was undefined.

! Undefined control sequence.
<recently read> \vf 
                    
l.273 ...ver scalar field $f$ or vector field $\vf
                                                   F$ with respect to a para...
The control sequence at the end of the top line
of your error message was never \def'ed. If you have
misspelled it (e.g., `\hobx'), type `I' and the correct
spelling (e.g., `I\hbox'). Otherwise just continue,
and I'll forget about whatever was undefined.

[13]
! Undefined control sequence.
l.275 			\int_\Gamma \phi (\vf
                               r) \dd s = \int_\Gamma \phi(\vf r) \norm{\dif...
The control sequence at the end of the top line
of your error message was never \def'ed. If you have
misspelled it (e.g., `\hobx'), type `I' and the correct
spelling (e.g., `I\hbox'). Otherwise just continue,
and I'll forget about whatever was undefined.

! Undefined control sequence.
l.275 ...\phi (\vf r) \dd s = \int_\Gamma \phi(\vf
                                                   r) \norm{\dif{\vf r}{t}}dt
The control sequence at the end of the top line
of your error message was never \def'ed. If you have
misspelled it (e.g., `\hobx'), type `I' and the correct
spelling (e.g., `I\hbox'). Otherwise just continue,
and I'll forget about whatever was undefined.

! Undefined control sequence.
<argument> \phy@abopen \Vert \dif 
                                  {\vf r}{t}\phy@abclose \Vert 
l.275 ..._\Gamma \phi(\vf r) \norm{\dif{\vf r}{t}}
                                                  dt
The control sequence at the end of the top line
of your error message was never \def'ed. If you have
misspelled it (e.g., `\hobx'), type `I' and the correct
spelling (e.g., `I\hbox'). Otherwise just continue,
and I'll forget about whatever was undefined.

! Undefined control sequence.
<argument> \phy@abopen \Vert \dif {\vf 
                                       r}{t}\phy@abclose \Vert 
l.275 ..._\Gamma \phi(\vf r) \norm{\dif{\vf r}{t}}
                                                  dt
The control sequence at the end of the top line
of your error message was never \def'ed. If you have
misspelled it (e.g., `\hobx'), type `I' and the correct
spelling (e.g., `I\hbox'). Otherwise just continue,
and I'll forget about whatever was undefined.

! Undefined control sequence.
l.278 			\int_\Gamma \vf
                         F(\vf{r})\cdot d\vf r = \int_\Gamma \vf F(\vf r) \c...
The control sequence at the end of the top line
of your error message was never \def'ed. If you have
misspelled it (e.g., `\hobx'), type `I' and the correct
spelling (e.g., `I\hbox'). Otherwise just continue,
and I'll forget about whatever was undefined.

! Undefined control sequence.
l.278 			\int_\Gamma \vf F(\vf
                              {r})\cdot d\vf r = \int_\Gamma \vf F(\vf r) \c...
The control sequence at the end of the top line
of your error message was never \def'ed. If you have
misspelled it (e.g., `\hobx'), type `I' and the correct
spelling (e.g., `I\hbox'). Otherwise just continue,
and I'll forget about whatever was undefined.

! Undefined control sequence.
l.278 			\int_\Gamma \vf F(\vf{r})\cdot d\vf
                                             r = \int_\Gamma \vf F(\vf r) \c...
The control sequence at the end of the top line
of your error message was never \def'ed. If you have
misspelled it (e.g., `\hobx'), type `I' and the correct
spelling (e.g., `I\hbox'). Otherwise just continue,
and I'll forget about whatever was undefined.

! Undefined control sequence.
l.278 ...f F(\vf{r})\cdot d\vf r = \int_\Gamma \vf
                                                   F(\vf r) \cdot \dif{\vf r...
The control sequence at the end of the top line
of your error message was never \def'ed. If you have
misspelled it (e.g., `\hobx'), type `I' and the correct
spelling (e.g., `I\hbox'). Otherwise just continue,
and I'll forget about whatever was undefined.

! Undefined control sequence.
l.278 ...f{r})\cdot d\vf r = \int_\Gamma \vf F(\vf
                                                   r) \cdot \dif{\vf r}{t}dt
The control sequence at the end of the top line
of your error message was never \def'ed. If you have
misspelled it (e.g., `\hobx'), type `I' and the correct
spelling (e.g., `I\hbox'). Otherwise just continue,
and I'll forget about whatever was undefined.

! Undefined control sequence.
l.278 ...f r = \int_\Gamma \vf F(\vf r) \cdot \dif
                                                  {\vf r}{t}dt
The control sequence at the end of the top line
of your error message was never \def'ed. If you have
misspelled it (e.g., `\hobx'), type `I' and the correct
spelling (e.g., `I\hbox'). Otherwise just continue,
and I'll forget about whatever was undefined.

! Undefined control sequence.
l.278 ...= \int_\Gamma \vf F(\vf r) \cdot \dif{\vf
                                                   r}{t}dt
The control sequence at the end of the top line
of your error message was never \def'ed. If you have
misspelled it (e.g., `\hobx'), type `I' and the correct
spelling (e.g., `I\hbox'). Otherwise just continue,
and I'll forget about whatever was undefined.

[14] [15] [16]
Overfull \hbox (31.28494pt too wide) in paragraph at lines 472--472
|[]\OT1/lmr/bx/n/20.74 Electrostatics: Bound-ary Con-di-tions, work
 []

[17] [18] [19] [20] [21] [22] [23]) [24]
(C:\Users\verci\Documents\code\Class Notes - V\Physics 131\build\p131_notes.aux
)
 ***********
LaTeX2e <2023-11-01> patch level 1
L3 programming layer <2024-01-22>
 ***********

LaTeX Warning: There were multiply-defined labels.

Package rerunfilecheck Info: File `p131_notes.out' has not changed.
(rerunfilecheck)             Checksum: 8EDF557E66B6953462B3769299C6255D;4374.
 ) 
Here is how much of TeX's memory you used:
 68479 strings out of 474542
 1723902 string characters out of 5744446
 2658447 words of memory out of 5000000
 89649 multiletter control sequences out of 15000+600000
 628075 words of font info for 107 fonts, out of 8000000 for 9000
 1141 hyphenation exceptions out of 8191
 106i,12n,110p,785b,1099s stack positions out of 10000i,1000n,20000p,200000b,200000s
 <C:\Users\verci\AppData\Local\MiKTeX\fonts/pk/ljfour/public/esint/dpi720\esi
nt10.pk><C:/Users/verci/AppData/Local/Programs/MiKTeX/fonts/type1/public/lm/lmb
x12.pfb><C:/Users/verci/AppData/Local/Programs/MiKTeX/fonts/type1/public/lm/lmc
sc10.pfb><C:/Users/verci/AppData/Local/Programs/MiKTeX/fonts/type1/public/lm/lm
ex10.pfb><C:/Users/verci/AppData/Local/Programs/MiKTeX/fonts/type1/public/lm/lm
mi12.pfb><C:/Users/verci/AppData/Local/Programs/MiKTeX/fonts/type1/public/lm/lm
mi8.pfb><C:/Users/verci/AppData/Local/Programs/MiKTeX/fonts/type1/public/lm/lmm
ib10.pfb><C:/Users/verci/AppData/Local/Programs/MiKTeX/fonts/type1/public/lm/lm
r10.pfb><C:/Users/verci/AppData/Local/Programs/MiKTeX/fonts/type1/public/lm/lmr
12.pfb><C:/Users/verci/AppData/Local/Programs/MiKTeX/fonts/type1/public/lm/lmr1
7.pfb><C:/Users/verci/AppData/Local/Programs/MiKTeX/fonts/type1/public/lm/lmr6.
pfb><C:/Users/verci/AppData/Local/Programs/MiKTeX/fonts/type1/public/lm/lmr8.pf
b><C:/Users/verci/AppData/Local/Programs/MiKTeX/fonts/type1/public/lm/lmri12.pf
b><C:/Users/verci/AppData/Local/Programs/MiKTeX/fonts/type1/public/lm/lmsy10.pf
b><C:/Users/verci/AppData/Local/Programs/MiKTeX/fonts/type1/public/lm/lmsy8.pfb
><C:/Users/verci/AppData/Local/Programs/MiKTeX/fonts/type1/public/lm/lmtt12.pfb
><C:/Users/verci/AppData/Local/Programs/MiKTeX/fonts/type1/public/amsfonts/symb
ols/msbm10.pfb>
Output written on "C:\Users\verci\Documents\code\Class Notes - V\Physics 131\bu
ild\p131_notes.pdf" (25 pages, 383704 bytes).
PDF statistics:
 468 PDF objects out of 1000 (max. 8388607)
 111 named destinations out of 1000 (max. 500000)
 362 words of extra memory for PDF output out of 10000 (max. 10000000)

